Name,iso_code,genus,family
Kati (in Afghanistan),bsh,Nuristani,Indo-European
Waigali,wbk,Nuristani,Indo-European
Prasuni,prn,Nuristani,Indo-European
Kadiwéu,kbc,Kadiwéu,Guaicuruan
Mocoví,moc,South Guaicuruan,Guaicuruan
Toba,tob,South Guaicuruan,Guaicuruan
Sidaama,sid,Highland East Cushitic,Afro-Asiatic
Arbore,arv,Lowland East Cushitic,Afro-Asiatic
Burji,bji,Lowland East Cushitic,Afro-Asiatic
Bayso,bsw,Lowland East Cushitic,Afro-Asiatic
Dullay (Gollango),gwd,Lowland East Cushitic,Afro-Asiatic
Oromo (Boraana),gax,Lowland East Cushitic,Afro-Asiatic
Oromo (Harar),hae,Lowland East Cushitic,Afro-Asiatic
Oromo (Waata),ssn,Lowland East Cushitic,Afro-Asiatic
Oromo (West-Central),gaz,Lowland East Cushitic,Afro-Asiatic
Rendille,rel,Lowland East Cushitic,Afro-Asiatic
Saho,ssy,Lowland East Cushitic,Afro-Asiatic
Somali,som,Lowland East Cushitic,Afro-Asiatic
Dahalo,dal,Dahalo,Afro-Asiatic
Nambikuára (Southern),nab,Nambikuaran,Nambikuaran
Kwaza,NA,Kwaza,Kwaza
Matngele,zml,Eastern Daly,Eastern Daly
A-Pucikwar,apq,Great Andamanese,Great Andamanese
Achí,acr,Mayan,Mayan
Adyghe (Shapsugh),ady,Northwest Caucasian,Northwest Caucasian
Aka,axk,Bantoid,Niger-Congo
Aka-Biada,abj,Great Andamanese,Great Andamanese
Hinuq,gin,Avar-Andic-Tsezic,Nakh-Daghestanian
Warrongo,wrg,Northern Pama-Nyungan,Pama-Nyungan
Bilinarra,nbj,Western Pama-Nyungan,Pama-Nyungan
Karajá,kpj,Karajá,Macro-Ge
Bunan,bfu,Bodic,Sino-Tibetan
Waimaha,bao,Tucanoan,Tucanoan
German (Ripuarian),ksh,Germanic,Indo-European
German (Thurgau),gsw,Germanic,Indo-European
German (Thuringian),deu,Germanic,Indo-European
German (Timisoara),deu,Germanic,Indo-European
German (Upper Austrian),bar,Germanic,Indo-European
German (Viennese),bar,Germanic,Indo-European
German (Westphalian),wep,Germanic,Indo-European
German (Zurich),gsw,Germanic,Indo-European
Ghotuo,aaa,Edoid,Niger-Congo
Low German,nds,Germanic,Indo-European
Luangiua,ojv,Oceanic,Austronesian
Lummi,str,Central Salish,Salishan
Luri,lrc,Iranian,Indo-European
Luxemburgeois,ltz,Germanic,Indo-European
Maca,mca,Matacoan,Matacoan
Mada (in Nigeria),mda,Platoid,Niger-Congo
Mah Meri,mhe,Aslian,Austro-Asiatic
Sama (Southern),ssb,Sama-Bajaw,Austronesian
Chasta Costa,NA,Athapaskan,Na-Dene
Chatino (Tataltepec),cta,Zapotecan,Oto-Manguean
Chemakum,xch,Chimakuan,Chimakuan
Chicomuceltec,cob,Mayan,Mayan
Lengua de Señas Argentina,aed,Sign Languages,other
Romani (Sepecides),NA,Indic,Indo-European
Russian Sign Language,rsl,Sign Languages,other
Semai,sea,Aslian,Austro-Asiatic
Xiriana,xir,Bahuanic,Arawakan
Bukusu,bxk,Bantoid,Niger-Congo
Bulu,bum,Bantoid,Niger-Congo
Chamalal,cji,Avar-Andic-Tsezic,Nakh-Daghestanian
Daba,dbq,Biu-Mandara,Afro-Asiatic
Daba,dkx,Biu-Mandara,Afro-Asiatic
Defaka,afn,Ijoid,Ijoid
Salish (Southern Puget Sound),slh,Central Salish,Salishan
Sama (Balangingi),sse,Sama-Bajaw,Austronesian
Sena,seh,Bantoid,Niger-Congo
Amuesha,ame,Yanesha',Arawakan
Shawnee,sjw,Algonquian,Algic
Shor,cjs,Turkic,Altaic
Slovincian,csb,Slavic,Indo-European
Solon,evn,Tungusic,Altaic
Subiya,sbs,Bantoid,Niger-Congo
Suki,sui,Suki,Gogodala-Suki
Clallam,clm,Central Salish,Salishan
Cogui,kog,Arhuacic,Chibchan
Saami (Kildin),sjd,Saami,Uralic
Milang,adi,Tani,Sino-Tibetan
Alagwa,wbj,Southern Cushitic,Afro-Asiatic
Arabic (Lebanese),apc,Semitic,Afro-Asiatic
Atsugewi,atw,Palaihnihan,Hokan
Berik,bkl,Tor,Tor-Orya
Nakkara,nck,Nakkara,Mangrida
Nambas (Big),nmb,Oceanic,Austronesian
Koluri,shm,Iranian,Indo-European
Krahô,xra,Ge-Kaingang,Macro-Ge
Kukú,bfa,Nilotic,Eastern Sudanic
Saramaccan,srm,Creoles and Pidgins,other
Sharanahua,mcd,Panoan,Panoan
Shambala,ksb,Bantoid,Niger-Congo
Soddo,gru,Semitic,Afro-Asiatic
Sui,swi,Kam-Tai,Tai-Kadai
Tampulma,tpm,Southern-Central Gur,Niger-Congo
Tarok,yer,Platoid,Niger-Congo
Carapana,cbc,Tucanoan,Tucanoan
Damana,mbp,Arhuacic,Chibchan
Tok Pisin,tpi,Creoles and Pidgins,other
Southern Toussian,wib,Tusia,Niger-Congo
Tuareg (Ghat),thv,Berber,Afro-Asiatic
Tungak,lcm,Oceanic,Austronesian
Djambarrpuyngu,djr,Western Pama-Nyungan,Pama-Nyungan
Gavião,gvo,Monde,Tupian
Amanab,amn,Border,Border
Ambae (Lolovoli Northeast),omb,Oceanic,Austronesian
Mlabri (Minor),mra,Khmuic,Austro-Asiatic
Ngandi,nid,Ngandi,Gunwinyguan
Runyankore,nyn,Bantoid,Niger-Congo
Sakao,sku,Oceanic,Austronesian
Shasta,sht,Shasta,Hokan
Sisiqa,baa,Oceanic,Austronesian
Sonsorol-Tobi,sov,Oceanic,Austronesian
Stieng,sti,Bahnaric,Austro-Asiatic
Stieng,stt,Bahnaric,Austro-Asiatic
Pilagá,plg,South Guaicuruan,Guaicuruan
Qafar,aar,Lowland East Cushitic,Afro-Asiatic
Ndebele (in South Africa),nbl,Bantoid,Niger-Congo
Ngad'a,nxg,Central Malayo-Polynesian,Austronesian
Olo,ong,Wapei-Palei,Torricelli
Sebei,kpz,Nilotic,Eastern Sudanic
Acholi,ach,Nilotic,Eastern Sudanic
Andoke,ano,Andoke,Andoke
Chimariko,cid,Chimariko,Hokan
Sesotho,sot,Bantoid,Niger-Congo
Sio,xsi,Oceanic,Austronesian
Tarahumara (Western),tac,Tarahumaran,Uto-Aztecan
Ticuna,tca,Ticuna,Ticuna
Burunge,bds,Southern Cushitic,Afro-Asiatic
Chinantec (Comaltepec),cco,Chinantecan,Oto-Manguean
Chitimacha,ctm,Chitimacha,Chitimacha
Kombai,tyn,Awju-Dumut,Trans-New Guinea
Kombai,wng,Awju-Dumut,Trans-New Guinea
Loniu,los,Oceanic,Austronesian
Mende,men,Western Mande,Mande
Kosraean,kos,Oceanic,Austronesian
Nuuchahnulth,noo,Southern Wakashan,Wakashan
Ossetic,oss,Iranian,Indo-European
Bashkir,bak,Turkic,Altaic
Malakmalak,mpb,Northern Daly,Northern Daly
Mansi,mns,Ugric,Uralic
Chuvash,chv,Turkic,Altaic
Dutch,nld,Germanic,Indo-European
Comanche,com,Numic,Uto-Aztecan
Ngiyambaa,wyb,Southeastern Pama-Nyungan,Pama-Nyungan
Burmese,mya,Burmese-Lolo,Sino-Tibetan
Krongo,kgo,Kadugli,Kadu
Wagawaga,wkw,Southeastern Pama-Nyungan,Pama-Nyungan
Wangkangurru,wgg,Central Pama-Nyungan,Pama-Nyungan
Wanman,wbt,Western Pama-Nyungan,Pama-Nyungan
Warumungu,wrm,Western Pama-Nyungan,Pama-Nyungan
Au,avt,Wapei-Palei,Torricelli
Aka-Cari,aci,Great Andamanese,Great Andamanese
Aka-Kede,akx,Great Andamanese,Great Andamanese
Alsatian,gsw,Germanic,Indo-European
Andi,ani,Avar-Andic-Tsezic,Nakh-Daghestanian
Arabic (Bahrain),abv,Semitic,Afro-Asiatic
Arabic (Borno Nigerian),shu,Semitic,Afro-Asiatic
Arakanese (Marma),rmz,Burmese-Lolo,Sino-Tibetan
Arandai,jbj,South Bird's Head Proper,South Bird's Head
Armenian (Iranian),hye,Armenian,Indo-European
Arrernte,aer,Central Pama-Nyungan,Pama-Nyungan
Arrernte,are,Central Pama-Nyungan,Pama-Nyungan
Asturian,ast,Romance,Indo-European
Aulua,aul,Oceanic,Austronesian
Auyana,auy,Eastern Highlands,Trans-New Guinea
Avatime,avn,Kwa,Niger-Congo
Aynu,aib,Turkic,Altaic
Badaga,bfq,Southern Dravidian,Dravidian
Bagri,bgq,Indic,Indo-European
Bamun,bax,Bantoid,Niger-Congo
Bana,bcw,Biu-Mandara,Afro-Asiatic
Bandi,bza,Western Mande,Mande
Baragaunle,loy,Bodic,Sino-Tibetan
Bathari,bhm,Semitic,Afro-Asiatic
Berber (Wargla),oua,Berber,Afro-Asiatic
Biafada,bif,Biafada,Niger-Congo
Biatah,bth,Land Dayak,Austronesian
Bosnian,bos,Slavic,Indo-European
Bru (Eastern),bru,Katuic,Austro-Asiatic
Buli (in Ghana),bwu,Northern-Central Gur,Niger-Congo
Bura-Pabir,bwr,Biu-Mandara,Afro-Asiatic
Chatino (Nopala),cya,Zapotecan,Oto-Manguean
Cheke Holo,mrn,Oceanic,Austronesian
Chinantec (Sochiapan),cso,Chinantecan,Oto-Manguean
Chippewa (Red Lake and Pillager),ciw,Algonquian,Algic
Chulym,clw,Turkic,Altaic
Columbia-Wenatchi,col,Interior Salish,Salishan
Dhuwal (Dätiwuy),duj,Western Pama-Nyungan,Pama-Nyungan
Dogri,dgo,Indic,Indo-European
Dogri,xnr,Indic,Indo-European
Dolgan,dlg,Turkic,Altaic
Dutch (Brabantic),nld,Germanic,Indo-European
Dutch (Limburg),nld,Germanic,Indo-European
Dutch (Zeeuws),zea,Germanic,Indo-European
Elseng,mrf,Morwap,Morwap
Etsako,ets,Edoid,Niger-Congo
Fijian (Wayan),wyy,Oceanic,Austronesian
Frisian (Eastern),frs,Germanic,Indo-European
Frisian (North),frr,Germanic,Indo-European
Ful (Liptako),fuh,Peul-Serer,Niger-Congo
Fula (Burkina Faso),fuh,Peul-Serer,Niger-Congo
Fulfulde (Maasina),ffm,Peul-Serer,Niger-Congo
Gamilaraay,kld,Southeastern Pama-Nyungan,Pama-Nyungan
German (Appenzell),gsw,Germanic,Indo-European
German (Bavarian),bar,Germanic,Indo-European
German (Berlin),deu,Germanic,Indo-European
German (Bern),gsw,Germanic,Indo-European
German (Hannover),deu,Germanic,Indo-European
German (Mansfeldisch),deu,Germanic,Indo-European
German (Ostschweiz),gsw,Germanic,Indo-European
Akwa,png,Kainji,Niger-Congo
Gidar,gid,Biu-Mandara,Afro-Asiatic
Giziga,gis,Biu-Mandara,Afro-Asiatic
Giziga,giz,Biu-Mandara,Afro-Asiatic
Greek (Cypriot),ell,Greek,Indo-European
Guadeloupe Creole,gcf,Creoles and Pidgins,other
Mon,mnw,Monic,Austro-Asiatic
Guaque,cbd,Cariban,Cariban
Guere,gxx,Kru,Niger-Congo
Guere,wec,Kru,Niger-Congo
Guianese French Creole,gcr,Creoles and Pidgins,other
Guinea Bissau Crioulo,pov,Creoles and Pidgins,other
Gumatj,gnn,Western Pama-Nyungan,Pama-Nyungan
Guro,goa,Eastern Mande,Mande
Gusii,guz,Bantoid,Niger-Congo
Haisla,has,Northern Wakashan,Wakashan
Harari,har,Semitic,Afro-Asiatic
Havasupai,yuf,Yuman,Hokan
Hianacoto,cbd,Cariban,Cariban
Hre,hre,Bahnaric,Austro-Asiatic
Hyow,csh,Kuki-Chin,Sino-Tibetan
Ibibio,ibb,Cross River,Niger-Congo
Indo-Pakistani Sign Language (Karachi dialect),pks,Sign Languages,other
International Sign,NA,Sign Languages,other
Ishkashmi,isk,Iranian,Indo-European
Italian (Bologna),egl,Romance,Indo-European
Italian (Fiorentino),ita,Romance,Indo-European
Italian (Genoa),lij,Romance,Indo-European
Italian (Napolitanian),nap,Romance,Indo-European
Italian (Turinese),pms,Romance,Indo-European
Izhor,izh,Finnic,Uralic
Jamaican Creole,jam,Creoles and Pidgins,other
Jibbali,shv,Semitic,Afro-Asiatic
Juruna,jur,Tupi-Guaraní,Tupian
Kabui,nkf,Kuki-Chin,Sino-Tibetan
Kagoma,kdm,Platoid,Niger-Congo
Kalmyk (Issyk-Kul),xal,Mongolic,Altaic
Kashubian,csb,Slavic,Indo-European
Kenyan Sign Language,xki,Sign Languages,other
Kirghiz (Fu-Yu),kir,Turkic,Altaic
Kitja,gia,Jarrakan,Jarrakan
Kom,bkm,Bantoid,Niger-Congo
Kosop,kia,Kim,Niger-Congo
Krymchak,uzn,Turkic,Altaic
Kryz,kry,Lezgic,Nakh-Daghestanian
Kualan,sdm,Land Dayak,Austronesian
Laha,lha,Kadai,Tai-Kadai
Lamnso',lns,Bantoid,Niger-Congo
Língua Gestual Portuguesa,psr,Sign Languages,other
Loma,lom,Western Mande,Mande
Gorontalo,gor,Greater Central Philippine,Austronesian
Ibanag,ibg,Northern Luzon,Austronesian
Mali,gcc,Baining,Baining
Manambu,mle,Ndu,Sepik
Mandaic (Modern),mid,Semitic,Afro-Asiatic
Maninka,emk,Western Mande,Mande
Mankanya,knf,Bak,Niger-Congo
Martinique Creole,gcf,Creoles and Pidgins,other
Matukar,mjk,Oceanic,Austronesian
Mbe',mtk,Bantoid,Niger-Congo
Michif,crg,Algonquian,Algic
Mískito Coast English Creole,bzj,Creoles and Pidgins,other
Mixtec (Alacatlatzala),mim,Mixtecan,Oto-Manguean
Molala,mbe,Molala,Penutian
Moldavian,ron,Romance,Indo-European
Mudburra,dmw,Western Pama-Nyungan,Pama-Nyungan
Muher,sgw,Semitic,Afro-Asiatic
Mun,mji,Hmong-Mien,Hmong-Mien
Muong,mtq,Viet-Muong,Austro-Asiatic
Nahuatl (Central),nhn,Aztecan,Uto-Aztecan
Nahuatl (Pochutla),NA,Aztecan,Uto-Aztecan
Nanticoke,nnt,Algonquian,Algic
Nenets,yrk,Samoyedic,Uralic
Neo-Aramaic (Amadiya),cld,Semitic,Afro-Asiatic
Ngarinyman,nbj,Western Pama-Nyungan,Pama-Nyungan
Ngemba,nge,Bantoid,Niger-Congo
Nicobarese,ncb,Nicobarese,Austro-Asiatic
Keo,xxk,Central Malayo-Polynesian,Austronesian
Noghay (Karagash),nog,Turkic,Altaic
Norsk Tegnspråk,nsl,Sign Languages,other
Nuni (Northern),nuv,Southern-Central Gur,Niger-Congo
Oi,oyb,Bahnaric,Austro-Asiatic
Oku,oku,Bantoid,Niger-Congo
Omagua,omg,Tupi-Guaraní,Tupian
Emai,ema,Edoid,Niger-Congo
Paite,pck,Kuki-Chin,Sino-Tibetan
Pakanha,pkn,Northern Pama-Nyungan,Pama-Nyungan
Pingilapese,pif,Oceanic,Austronesian
Plains-Indians Sign Language,psd,Sign Languages,other
Príncipense,pre,Creoles and Pidgins,other
Provençal,oci,Romance,Indo-European
Quechua (Bolivian),quh,Quechuan,Quechuan
Quechua (Bolivian),qul,Quechuan,Quechuan
Raga,lml,Oceanic,Austronesian
Romani (Bugurdzi),rmn,Indic,Indo-European
Romani (Burgenland),rmo,Indic,Indo-European
Romani (Lovari),rmy,Indic,Indo-European
Saanich,str,Central Salish,Salishan
Saek,skb,Kam-Tai,Tai-Kadai
Salish (Straits),str,Central Salish,Salishan
Saryg Yughur,ybe,Turkic,Altaic
Semandang,sdm,Land Dayak,Austronesian
Shoshone (Wind River),shh,Numic,Uto-Aztecan
Sika,ski,Central Malayo-Polynesian,Austronesian
Songish,str,Central Salish,Salishan
Sooke,str,Central Salish,Salishan
Spanish (Canary Islands),spa,Romance,Indo-European
Swedish (Västerbotten),swe,Germanic,Indo-European
Siraya,fos,East Formosan,Austronesian
Tamil (Spoken),tam,Southern Dravidian,Dravidian
Tatar (Baraba),tat,Turkic,Altaic
Tatar (Mishar),tat,Turkic,Altaic
Tatar-Noghay (Alabugat),nog,Turkic,Altaic
Taulil,tuh,Taulil,Taulil
Tayo,cks,Creoles and Pidgins,other
Tepecano,tep,Tepiman,Uto-Aztecan
Thao,ssf,Western Plains Austronesian,Austronesian
Tindi,tin,Avar-Andic-Tsezic,Nakh-Daghestanian
Tod,sbu,Bodic,Sino-Tibetan
Tumak,tmc,East Chadic,Afro-Asiatic
Turkic (East-Central Xorasan),kmz,Turkic,Altaic
Turkic (West Xorasan),kmz,Turkic,Altaic
Twana,twa,Central Salish,Salishan
Ulcha,ulc,Tungusic,Altaic
Umaua,cbd,Cariban,Cariban
Urhobo,urh,Edoid,Niger-Congo
Urubú Sign Language,uks,Sign Languages,other
Urum,uum,Turkic,Altaic
Vata,dic,Kru,Niger-Congo
Veps,vep,Finnic,Uralic
Wéménugbé,wem,Kwa,Niger-Congo
Xasonga,kao,Western Mande,Mande
Yaghnobi,yai,Iranian,Indo-European
Yamba,yam,Bantoid,Niger-Congo
Yanomámi,wca,Yanomam,Yanomam
Yemba,ybb,Bantoid,Niger-Congo
Yiddish (Bessarabian),ydd,Germanic,Indo-European
Yiddish (Lithuanian),ydd,Germanic,Indo-European
Yiddish (Lodz),ydd,Germanic,Indo-European
Yugh,yug,Yeniseian,Yeniseian
Yuracare,yuz,Yuracare,Yuracare
Yurimangí,NA,Yurimangí,Yurimangí
Yurt Tatar,nog,Turkic,Altaic
Zapotec (Ixtlan),zpd,Zapotecan,Oto-Manguean
Zhuang (Northern),zgb,Kam-Tai,Tai-Kadai
Zoque (Rayon),zor,Mixe-Zoque,Mixe-Zoque
Shughni,sgh,Iranian,Indo-European
Zulu (Northern),zul,Bantoid,Niger-Congo
Zulu (Southern),zul,Bantoid,Niger-Congo
Abenaki (Western),abe,Algonquian,Algic
Adamorobe Sign Language,ads,Sign Languages,other
Adyghe (Temirgoy),ady,Northwest Caucasian,Northwest Caucasian
Ajië,aji,Oceanic,Austronesian
Akhvakh,akv,Avar-Andic-Tsezic,Nakh-Daghestanian
Algonquin,alq,Algonquian,Algic
Amdo,adx,Bodic,Sino-Tibetan
American Sign Language,ase,Sign Languages,other
'Are'are,alu,Oceanic,Austronesian
Atikamekw,atj,Algonquian,Algic
Auslan,asf,Sign Languages,other
Bade,bde,West Chadic,Afro-Asiatic
Bandjalang (Casino),bdy,Southeastern Pama-Nyungan,Pama-Nyungan
Bau,bbd,Madang,Trans-New Guinea
Benabena,bef,Eastern Highlands,Trans-New Guinea
Beng,nhb,Eastern Mande,Mande
Bengali (Chittagong),ctg,Indic,Indo-European
Beothuk,bue,Beothuk,Beothuk
Berber (Mzab),mzb,Berber,Afro-Asiatic
Birri,bvq,Bongo-Bagirmi,Central Sudanic
Bislama,bis,Creoles and Pidgins,other
Boruca,brn,Talamanca,Chibchan
British Sign Language,bfi,Sign Languages,other
Bujeba,nmg,Bantoid,Niger-Congo
Cabécar,cjp,Talamanca,Chibchan
Canamarí,knm,Katukinan,Katukinan
Canela,ram,Ge-Kaingang,Macro-Ge
Carolinian,cal,Oceanic,Austronesian
Catio,cto,Choco,Choco
Chimila,cbg,Chimila,Chibchan
Chinantec (San Felipe Usila),cuc,Chinantecan,Oto-Manguean
Chinantec (Tepetotutla),cnt,Chinantecan,Oto-Manguean
Chinese Sign Language,csl,Sign Languages,other
Colac,NA,Southeastern Pama-Nyungan,Pama-Nyungan
Comecrudo,xcm,Comecrudan,Comecrudan
Comorian,swb,Bantoid,Niger-Congo
Cuicatec,cut,Mixtecan,Oto-Manguean
Cuicatec,cux,Mixtecan,Oto-Manguean
Cuitlatec,NA,Cuitlatec,Cuitlatec
Datooga,tcc,Nilotic,Eastern Sudanic
Degexit'an,ing,Athapaskan,Na-Dene
Dyula,dyu,Western Mande,Mande
Enya,gey,Bantoid,Niger-Congo
Ewe (Anglo),ewe,Kwa,Niger-Congo
Finnish Sign Language,fse,Sign Languages,other
Fula (Senegal),fuc,Peul-Serer,Niger-Congo
Greek Sign Language,gss,Sign Languages,other
Greenlandic (South),kal,Eskimo,Eskimo-Aleut
Guana,gva,Mascoian,Mascoian
Guayabero,guo,Guahiban,Guahiban
Gula Iro,glj,Bua,Niger-Congo
Gurindji,gue,Western Pama-Nyungan,Pama-Nyungan
Gurma,gux,Northern-Central Gur,Niger-Congo
Harsusi,hss,Semitic,Afro-Asiatic
Hong Kong Sign Language,NA,Sign Languages,other
Huambisa,hub,Jivaroan,Jivaroan
Icelandic Sign Language,icl,Sign Languages,other
Illinois,mia,Algonquian,Algic
Inanwatan,szp,Inanwatan,South Bird's Head
Indo-Pakistani Sign Language (Indian dialects),ins,Sign Languages,other
Inuktitut (Rankin Inlet),ikt,Eskimo,Eskimo-Aleut
Irish Sign Language,isg,Sign Languages,other
Israeli Sign Language,isr,Sign Languages,other
Ixcatec,ixc,Popolocan,Oto-Manguean
Jahai,jhi,Aslian,Austro-Asiatic
Jemez,tow,Kiowa-Tanoan,Kiowa-Tanoan
Juang,jun,Munda,Austro-Asiatic
Kaian,kct,Lower Ramu,Lower Sepik-Ramu
Kalanga,kck,Bantoid,Niger-Congo
Kalasha,kls,Indic,Indo-European
Kangiryuarmiut,ikt,Eskimo,Eskimo-Aleut
Kanjobal (Eastern),kjb,Mayan,Mayan
Kanyok,kny,Bantoid,Niger-Congo
Kapingamarangi,kpg,Oceanic,Austronesian
Karanga,sna,Bantoid,Niger-Congo
Karipuna (Panoan),NA,Panoan,Panoan
Kata Kolok,bqy,Sign Languages,other
Kato,ktw,Athapaskan,Na-Dene
Kaurna,NA,Central Pama-Nyungan,Pama-Nyungan
Kenyang,ken,Bantoid,Niger-Congo
Khumi,cnk,Kuki-Chin,Sino-Tibetan
Kilba,hbb,Biu-Mandara,Afro-Asiatic
Kituba,ktu,Creoles and Pidgins,other
Kolana,kvw,Kolana-Tanglapui,Timor-Alor-Pantar
Korafe,kpr,Binanderean,Trans-New Guinea
Ksingmul,puo,Khmuic,Austro-Asiatic
Kutchin,gwi,Athapaskan,Na-Dene
Lachi,lbt,Kadai,Tai-Kadai
Ladin,lld,Romance,Indo-European
Langue des Signes Française,fsl,Sign Languages,other
Langue des Signes Québecoise,fcs,Sign Languages,other
Lardil,lbz,Tangkic,Tangkic
Lau,llu,Oceanic,Austronesian
Curripaco,kpc,Inland Northern Arawakan,Arawakan
Lengua de Señas Española,ssp,Sign Languages,other
Lese,les,Mangbutu-Efe,Central Sudanic
Lesser Antillean French Creole,acf,Creoles and Pidgins,other
Lesser Antillean French Creole,gcf,Creoles and Pidgins,other
Língua de Sinais Brasileira,bzs,Sign Languages,other
Lingua Italiana dei Segni,ise,Sign Languages,other
Lobi,lob,Southern-Central Gur,Niger-Congo
Logoti,log,Moru-Ma'di,Central Sudanic
Loko,lok,Western Mande,Mande
Lughat al-Isharat al-Lubnaniya,NA,Sign Languages,other
Lyele,lee,Southern-Central Gur,Niger-Congo
Macaguán,mbn,Guahiban,Guahiban
Macuna,myy,Tucanoan,Tucanoan
Mahican,xpq,Algonquian,Algic
Máku,NA,Máku,Máku
Manjaku,mfv,Bak,Niger-Congo
Mapoyo,mcg,Cariban,Cariban
Mattole,mvb,Athapaskan,Na-Dene
Miju,mxj,Tani,Sino-Tibetan
Mikarew,msy,Mikarew,Lower Sepik-Ramu
Mingrelian,xmf,Kartvelian,Kartvelian
Mituku,zmq,Bantoid,Niger-Congo
Miwok (Bodega),csi,Miwok,Penutian
Miwok (Lake),lmw,Miwok,Penutian
Miwok (Plains),pmw,Miwok,Penutian
Mixe (Tlahuitoltepec),mxp,Mixe-Zoque,Mixe-Zoque
Mixtec (Chayuco),mih,Mixtecan,Oto-Manguean
Mixtec (Coatzospan),miz,Mixtecan,Oto-Manguean
Mixtec (San Juan Colorado),mjc,Mixtecan,Oto-Manguean
Mixtec (San Miguel el Grande),mig,Mixtecan,Oto-Manguean
Mixtec (Silacayoapan),mks,Mixtecan,Oto-Manguean
Muyuw,myw,Oceanic,Austronesian
Naga Pidgin,nag,Creoles and Pidgins,other
Nahuatl (Huauchinango),NA,Aztecan,Uto-Aztecan
Nahuatl (Milpa Alta),NA,Aztecan,Uto-Aztecan
Nahuatl (Pajapan),nhp,Aztecan,Uto-Aztecan
Nahuatl (Xalitla),ngu,Aztecan,Uto-Aztecan
Nanumea,tvl,Oceanic,Austronesian
Naskapi,nsk,Algonquian,Algic
Nateni,ntm,Northern-Central Gur,Niger-Congo
Ndogo,ndz,Ubangi,Niger-Congo
Nederlandse Gebarentaal,dse,Sign Languages,other
Negidal,neg,Tungusic,Altaic
New Zealand Sign Language,nzs,Sign Languages,other
Ngarluma,nrl,Western Pama-Nyungan,Pama-Nyungan
Barí,mot,Motilon,Chibchan
Nihon Shuwa (Japanese Sign Language),jsl,Sign Languages,other
Nitinaht,dtd,Southern Wakashan,Wakashan
Niuafo'ou,num,Oceanic,Austronesian
Nukak,mbr,Cacua-Nukak,Cacua-Nukak
Nyungar,nys,Western Pama-Nyungan,Pama-Nyungan
Onondaga,ono,Northern Iroquoian,Iroquoian
Oriya (Kotia),ort,Indic,Indo-European
Orokolo,oro,Eleman Proper,Eleman
Otomí (Santiago Mexquititlan),otq,Otomian,Oto-Manguean
Pengo,peg,South-Central Dravidian,Dravidian
Piratapuyo,pir,Tucanoan,Tucanoan
Playero,gob,Guahiban,Guahiban
Popoloca (San Vicente Coyotepec),pbf,Popolocan,Oto-Manguean
Potawatomi,pot,Algonquian,Algic
Powhatan,pim,Algonquian,Algic
Puinave,pui,Puinave,Puinave
Quechua (Ancash),qxa,Quechuan,Quechuan
Quechua (Cajamarca),qvc,Quechuan,Quechuan
Rengao,ren,Bahnaric,Austro-Asiatic
Rennellese,mnv,Oceanic,Austronesian
Bole,bol,West Chadic,Afro-Asiatic
Piapoco,pio,Inland Northern Arawakan,Arawakan
Moca,moy,North Omotic,Afro-Asiatic
Sherdukpen,sdp,Western Arunachal,Sino-Tibetan
Siriano,sri,Tucanoan,Tucanoan
Slavey,xsl,Athapaskan,Na-Dene
Songe,sop,Bantoid,Niger-Congo
Sorbian (Lower),dsb,Slavic,Indo-European
South Korean Sign Language,kvk,Sign Languages,other
Svenska Teckenspråket,swl,Sign Languages,other
Tabassaran,tab,Lezgic,Nakh-Daghestanian
Taiwanese Sign Language (Ziran Shouyu),tss,Sign Languages,other
Talysh (Azerbaijan),tly,Iranian,Indo-European
Tanaina,tfn,Athapaskan,Na-Dene
Tanana (Lower),taa,Athapaskan,Na-Dene
Tanzania Sign Language,tza,Sign Languages,other
Tapieté,tpj,Tupi-Guaraní,Tupian
Tasmanian (Oyster Bay to Pitwater),NA,Tasmanian,Tasmanian
Tat (Muslim),ttt,Iranian,Indo-European
Tatuyo,tav,Tucanoan,Tucanoan
Tewa (Rio Grande),tew,Kiowa-Tanoan,Kiowa-Tanoan
Tewa (San Juan Pueblo),tew,Kiowa-Tanoan,Kiowa-Tanoan
Thai Sign Language,tsq,Sign Languages,other
Tigré (Beni Amer),tig,Semitic,Afro-Asiatic
Tiwa (Southern),tix,Kiowa-Tanoan,Kiowa-Tanoan
Toda,tcx,Southern Dravidian,Dravidian
Tofa,kim,Turkic,Altaic
Totonac (Sierra),tos,Totonacan,Totonacan
Trique (Chicahuaxtla),trs,Mixtecan,Oto-Manguean
Tubar,tbu,Tubar,Uto-Aztecan
Türk Isaret Dili,tsm,Sign Languages,other
Tutchone (Northern),ttm,Athapaskan,Na-Dene
Tzeltal,tzh,Mayan,Mayan
Tzeltal (Tenejapa),tzh,Mayan,Mayan
Ugandan Sign Language,ugn,Sign Languages,other
Urim,uri,Urim,Torricelli
Vedda,ved,Indic,Indo-European
Vlaamse Gebarentaal,vgt,Sign Languages,other
Xârâcùù,ane,Oceanic,Austronesian
Yaka,yaf,Bantoid,Niger-Congo
Yaruro,yae,Yaruro,Yaruro
Yemsa,jnj,North Omotic,Afro-Asiatic
Yiddish,ydd,Germanic,Indo-European
Yiddish,yih,Germanic,Indo-European
Yorta Yorta,NA,Southeastern Pama-Nyungan,Pama-Nyungan
Yuruti,yui,Tucanoan,Tucanoan
Zapotec (Juárez),zaa,Zapotecan,Oto-Manguean
Zapotec (Mixtepec),zpm,Zapotecan,Oto-Manguean
Zapotec (Zoogocho),zpq,Zapotecan,Oto-Manguean
Zoque (Francisco León),zos,Mixe-Zoque,Mixe-Zoque
Allentiac,NA,Huarpe,Huarpe
Altai (Southern),alt,Turkic,Altaic
Alutor,alr,Northern Chukotko-Kamchatkan,Chukotko-Kamchatkan
Anufo,cko,Kwa,Niger-Congo
Apache (Jicarilla),apj,Athapaskan,Na-Dene
Arabic (Bani-Hassan),mey,Semitic,Afro-Asiatic
Arabic (Hijazi),acw,Semitic,Afro-Asiatic
Arabic (Kormakiti),acy,Semitic,Afro-Asiatic
Arabic (North Levantine Spoken),apc,Semitic,Afro-Asiatic
Araki,akr,Oceanic,Austronesian
Arapaho,arp,Algonquian,Algic
Baale,koe,Surmic,Eastern Sudanic
Bakundu,bdu,Bantoid,Niger-Congo
Banggarla,bjb,Central Pama-Nyungan,Pama-Nyungan
Benga,bng,Bantoid,Niger-Congo
Bima,bhp,Central Malayo-Polynesian,Austronesian
Boiken,bzf,Ndu,Sepik
Dení,dny,Arauan,Arauan
Deutsche Gebärdensprache,gsg,Sign Languages,other
Ding,diz,Bantoid,Niger-Congo
Eipo,eip,Mek,Trans-New Guinea
Frisian (Western),fry,Germanic,Indo-European
Fula (Guinean),fuf,Peul-Serer,Niger-Congo
Gade,ged,Nupoid,Niger-Congo
Galician,glg,Romance,Indo-European
Garus,gyb,Madang,Trans-New Guinea
Gojri,gju,Indic,Indo-European
Greenlandic (East),kal,Eskimo,Eskimo-Aleut
Guanano,gvc,Tucanoan,Tucanoan
Guduf,gdf,Biu-Mandara,Afro-Asiatic
Gunya,gyy,Northern Pama-Nyungan,Pama-Nyungan
Halang,hal,Bahnaric,Austro-Asiatic
Haruai,tmd,Piawi,Piawi
Iñupiaq,esi,Eskimo,Eskimo-Aleut
Irish (Munster),gle,Celtic,Indo-European
Isirawa,srl,Kwerba,Kwerba
Jamamadi,jaa,Arauan,Arauan
Kaiwá,kgk,Tupi-Guaraní,Tupian
Kela (Apoze),kcl,Oceanic,Austronesian
Kirikiri,kiy,Lakes Plain,Lakes Plain
Ko (Winye),kst,Southern-Central Gur,Niger-Congo
Konda,kfc,South-Central Dravidian,Dravidian
Konua,kyx,West Bougainville,West Bougainville
Kott,NA,Yeniseian,Yeniseian
Lamu-Lamu,lby,Northern Pama-Nyungan,Pama-Nyungan
Luyia,luy,Bantoid,Niger-Congo
Marquesan,mqm,Oceanic,Austronesian
Marquesan,mrq,Oceanic,Austronesian
Mayo,mfy,Cahita,Uto-Aztecan
Mehek,nux,Tama Sepik,Sepik
Melayu Betawi,bew,Creoles and Pidgins,other
Migama,mmy,East Chadic,Afro-Asiatic
Mixtec (Ayutla),miy,Mixtecan,Oto-Manguean
Liv,liv,Finnic,Uralic
Mixtec (Jamiltepec),mxt,Mixtecan,Oto-Manguean
Mokilko,moz,East Chadic,Afro-Asiatic
Murik,mtf,Lower Sepik,Lower Sepik-Ramu
Nahuatl (Sierra de Zacapoaxtla),azz,Aztecan,Uto-Aztecan
Neo-Aramaic (Assyrian),aii,Semitic,Afro-Asiatic
Ngbandi,nbw,Ubangi,Niger-Congo
Ngbandi,ngb,Ubangi,Niger-Congo
Nharo,nhr,Khoe-Kwadi,Khoe-Kwadi
Nubi,kcn,Creoles and Pidgins,other
Nyelâyu,yly,Oceanic,Austronesian
Orejón,ore,Tucanoan,Tucanoan
Oto,iow,Core Siouan,Siouan
Otomí (Sierra),otm,Otomian,Oto-Manguean
Otoro,otr,Heiban,Kordofanian
Pagu,pgu,North Halmaheran,West Papuan
Polabian,pox,Slavic,Indo-European
Pulopetak,nij,Barito,Austronesian
Quechua (Tarma),qvn,Quechuan,Quechuan
Rejang,rej,Rejang,Austronesian
Romani (North Russian),rml,Indic,Indo-European
Romansch,roh,Romance,Indo-European
Romansch (Surmeiran),roh,Romance,Indo-European
Russian-Chinese Pidgin (Birobidjan),NA,Creoles and Pidgins,other
Salish (Samish Straits),str,Central Salish,Salishan
Yawa,yva,Yawa,Yawa
Nomatsiguenga,not,Pre-Andine Arawakan,Arawakan
Nyanga,nyj,Bantoid,Niger-Congo
Tamabo,mla,Oceanic,Austronesian
Tehit,kps,West Bird's Head,West Papuan
Tewa (Arizona),tew,Kiowa-Tanoan,Kiowa-Tanoan
Thaypan,typ,Northern Pama-Nyungan,Pama-Nyungan
Timorese,aoz,Central Malayo-Polynesian,Austronesian
Wallisian,wls,Oceanic,Austronesian
Wayana,way,Cariban,Cariban
Xerénte,xer,Ge-Kaingang,Macro-Ge
!Xun (Ekoka),knw,Ju-Kung,Kxa
Yakoma,yky,Ubangi,Niger-Congo
Yil,yll,Wapei-Palei,Torricelli
Yuki,yuk,Yukian,Wappo-Yukian
Yupik (Naukan),ynk,Eskimo,Eskimo-Aleut
Yupik (Sirenik),ysr,Eskimo,Eskimo-Aleut
Júma,jua,Tupi-Guaraní,Tupian
Abidji,abi,Kwa,Niger-Congo
Ampeeli,apz,Angan,Trans-New Guinea
Angolar,aoa,Creoles and Pidgins,other
Apache (Chiricahua),apm,Athapaskan,Na-Dene
Arabic (Beirut),apc,Semitic,Afro-Asiatic
Arabic (Eastern Libyan),ayl,Semitic,Afro-Asiatic
Arabic (Negev),ajp,Semitic,Afro-Asiatic
Arabic (San'ani),ayn,Semitic,Afro-Asiatic
Arikara,ari,Caddoan,Caddoan
Awadhi,awa,Indic,Indo-European
Aekyom,awi,Awin-Pare,Awin-Pare
Bahinemo,bjh,Sepik Hill,Sepik
Banawá,jaa,Arauan,Arauan
Basque (Basaburua and Imoz),eus,Basque,Basque
Basque (Bidasoa Valley),eus,Basque,Basque
Basque (Gernica),eus,Basque,Basque
Basque (Hondarribia),eus,Basque,Basque
Basque (Lekeitio),eus,Basque,Basque
Basque (Northern High Navarrese),eus,Basque,Basque
Basque (Oñati),eus,Basque,Basque
Basque (Roncalese),eus,Basque,Basque
Basque (Sakana),eus,Basque,Basque
Basque (Souletin),eus,Basque,Basque
Basque (Zeberio),eus,Basque,Basque
Bhili,bhb,Indic,Indo-European
Binumarien,bjr,Eastern Highlands,Trans-New Guinea
Buglere,sab,Guaymiic,Chibchan
Burum,bmu,Finisterre-Huon,Trans-New Guinea
Carijona,cbd,Cariban,Cariban
Carrier,crx,Athapaskan,Na-Dene
Chortí,caa,Mayan,Mayan
Chumburung,ncu,Kwa,Niger-Congo
Terêna,ter,Bolivia-Parana,Arawakan
Cupeño,cup,California Uto-Aztecan,Uto-Aztecan
Dabida,dav,Bantoid,Niger-Congo
Dhurga,dhu,Southeastern Pama-Nyungan,Pama-Nyungan
Doutai,tds,Lakes Plain,Lakes Plain
Dyimini,dyi,Senufo,Niger-Congo
Enga,enq,Engan,Trans-New Guinea
Esselen,esq,Esselen,Esselen
Fula (Mauritanian),fuc,Peul-Serer,Niger-Congo
Gaalpu,dhg,Western Pama-Nyungan,Pama-Nyungan
Gorowa,gow,Southern Cushitic,Afro-Asiatic
Gunu,yas,Bantoid,Niger-Congo
Haida (Northern),hdn,Haida,Haida
Halbi,hlb,Indic,Indo-European
Hoava,hoa,Oceanic,Austronesian
Min (Southern),nan,Chinese,Sino-Tibetan
Iatmul,ian,Ndu,Sepik
Inuktitut (Quebec-Labrador),ike,Eskimo,Eskimo-Aleut
Inuktitut (Salluit),ike,Eskimo,Eskimo-Aleut
Isekiri,its,Defoid,Niger-Congo
Jarawara,jaa,Arauan,Arauan
Kalapuya,kyl,Kalapuyan,Kalapuyan
Kamano-Kafe,kbq,Eastern Highlands,Trans-New Guinea
Kami,kcu,Bantoid,Niger-Congo
Kara (in Papua New Guinea),leu,Oceanic,Austronesian
Karaim,kdr,Turkic,Altaic
Karata,kpt,Avar-Andic-Tsezic,Nakh-Daghestanian
Kasem,xsm,Southern-Central Gur,Niger-Congo
Kaure,bpp,Kaure,Kaure
Kemtuik,kmt,Nimboran,Nimboran
Ketengban,xte,Mek,Trans-New Guinea
Kitsai,kii,Caddoan,Caddoan
Kokni,kex,Indic,Indo-European
Konkomba,xon,Northern-Central Gur,Niger-Congo
Koranko,knk,Western Mande,Mande
Kposo,kpo,Kwa,Niger-Congo
Ladino,lad,Romance,Indo-European
Lafofa,laf,Lafofa,Kordofanian
Lule,NA,Lule,Lule
Mampruli,maw,Northern-Central Gur,Niger-Congo
Manem,jet,Border,Border
Mantjiltjara,mpj,Western Pama-Nyungan,Pama-Nyungan
Maring,mbw,Chimbu,Trans-New Guinea
Martu Wangka,mpj,Western Pama-Nyungan,Pama-Nyungan
Mawchi,mke,Indic,Indo-European
Mayi-Yapi,NA,Northern Pama-Nyungan,Pama-Nyungan
Mbugu,mhd,Southern Cushitic,Afro-Asiatic
Mentuh Tapuh,sdo,Land Dayak,Austronesian
Menya,mcr,Angan,Trans-New Guinea
Mündü,muh,Ubangi,Niger-Congo
Nafaanra,nfr,Senufo,Niger-Congo
Ngombe,ngc,Bantoid,Niger-Congo
Nigerian Pidgin,pcm,Creoles and Pidgins,other
Ningil,niz,Wapei-Palei,Torricelli
Samo,smq,East Strickland,East Strickland
Nukuoro,nkr,Oceanic,Austronesian
Nyambo,now,Bantoid,Niger-Congo
Obokuitai,afz,Lakes Plain,Lakes Plain
Ojibwe (Minnesota),ciw,Algonquian,Algic
Oloh Mangtangai,nij,Barito,Austronesian
Patpatar,gfk,Oceanic,Austronesian
Pemon,aoc,Cariban,Cariban
Folopa,ppo,Teberan,Teberan-Pawaian
Pokomchí,poh,Mayan,Mayan
Quechua (Ecuadorean),qug,Quechuan,Quechuan
Riantana,ran,Kolopom,Kolopom
Romani (Ajia Varvara),rmn,Indic,Indo-European
Rundi,run,Bantoid,Niger-Congo
Salar,slr,Turkic,Altaic
Selaru,slu,Central Malayo-Polynesian,Austronesian
Seychelles Creole,crs,Creoles and Pidgins,other
Shinassha,bwo,North Omotic,Afro-Asiatic
Sikaritai,tty,Lakes Plain,Lakes Plain
Stoney,sto,Core Siouan,Siouan
Svan,sva,Kartvelian,Kartvelian
Tabaru,tby,North Halmaheran,West Papuan
Tanna (Southwest),nwi,Oceanic,Austronesian
Tarangan (West),txn,Central Malayo-Polynesian,Austronesian
Ternate,tft,North Halmaheran,West Papuan
Tibetan (Shigatse),bod,Bodic,Sino-Tibetan
Tifal,tif,Ok,Trans-New Guinea
Tillamook,til,Tillamook,Salishan
Unami,unm,Algonquian,Algic
Vasavi,vas,Indic,Indo-European
Warluwara,wrb,Western Pama-Nyungan,Pama-Nyungan
Waropen,wrp,South Halmahera - West New Guinea,Austronesian
Weri,wer,Goilalan,Trans-New Guinea
Wetan,lex,Central Malayo-Polynesian,Austronesian
Wobe,wob,Kru,Niger-Congo
Wogamusin,wog,Upper Sepik,Sepik
Woiwurrung,NA,Southeastern Pama-Nyungan,Pama-Nyungan
Yakan,yka,Sama-Bajaw,Austronesian
Yukpa,yup,Cariban,Cariban
Yulparija,mpj,Western Pama-Nyungan,Pama-Nyungan
Yup'ik (Chevak),esu,Eskimo,Eskimo-Aleut
Yup'ik (Norton Sound),esu,Eskimo,Eskimo-Aleut
Yupik (St. Lawrence Island),ess,Eskimo,Eskimo-Aleut
Zapotec (Texmelucan),zpz,Zapotecan,Oto-Manguean
Zimakani,zik,Marind,Anim
Aguaruna,agr,Jivaroan,Jivaroan
Anong,nun,Nungish,Sino-Tibetan
Berbice Dutch Creole,brc,Creoles and Pidgins,other
Bezhta,kap,Avar-Andic-Tsezic,Nakh-Daghestanian
Bokar,adi,Tani,Sino-Tibetan
Budukh,bdk,Lezgic,Nakh-Daghestanian
Cayuga,cay,Northern Iroquoian,Iroquoian
Chavacano,cbk,Creoles and Pidgins,other
Chol,cti,Mayan,Mayan
Chol,ctu,Mayan,Mayan
Culina,cul,Arauan,Arauan
Dari,prs,Iranian,Indo-European
Dobel,kvo,Central Malayo-Polynesian,Austronesian
Duna,duc,Duna,Trans-New Guinea
Ekoti,eko,Bantoid,Niger-Congo
Gutob,gbj,Munda,Austro-Asiatic
Gogodala,ggw,Gogodala,Gogodala-Suki
Hawaiian Creole,hwc,Creoles and Pidgins,other
Herero,her,Bantoid,Niger-Congo
Ifumu,ifm,Bantoid,Niger-Congo
Inga,inb,Quechuan,Quechuan
Kanjobal (Western),knj,Mayan,Mayan
Kanum (Ngkâlmpw),kcd,Morehead and Upper Maro Rivers,Morehead and Upper Maro Rivers
Kerek,krk,Northern Chukotko-Kamchatkan,Chukotko-Kamchatkan
Kisar,kje,Central Malayo-Polynesian,Austronesian
Kola,kvv,Central Malayo-Polynesian,Austronesian
Kriol (Fitzroy Crossing),NA,Creoles and Pidgins,other
Kriol (Ngukurr),rop,Creoles and Pidgins,other
Kui (in Indonesia),kvd,Greater Alor,Timor-Alor-Pantar
Kunjen,kjn,Northern Pama-Nyungan,Pama-Nyungan
Kunming,cmn,Chinese,Sino-Tibetan
Kwamera,tnk,Oceanic,Austronesian
Lonwolwol,crc,Oceanic,Austronesian
Loven,lbo,Bahnaric,Austro-Asiatic
Malacca Creole,mcm,Creoles and Pidgins,other
Manx,glv,Celtic,Indo-European
Pa'a,pqa,West Chadic,Afro-Asiatic
Waurá,wau,Central Arawakan,Arawakan
Sisaala,sld,Southern-Central Gur,Niger-Congo
Yazva,kpv,Permic,Uralic
Mochica,NA,Chimúan,Chimúan
Mopan,mop,Mayan,Mayan
Ngarinyeri,nay,Southeastern Pama-Nyungan,Pama-Nyungan
Nyangumarda,nna,Western Pama-Nyungan,Pama-Nyungan
Okanagan,oka,Interior Salish,Salishan
Olutec,plo,Mixe-Zoque,Mixe-Zoque
Oroch,oac,Tungusic,Altaic
Paita,duf,Oceanic,Austronesian
Palor,fap,Cangin,Niger-Congo
Parji (Dravidian),pci,Central Dravidian,Dravidian
Puquina,NA,Puquina,Puquina
Rimi,rim,Bantoid,Niger-Congo
Sawai,szw,South Halmahera - West New Guinea,Austronesian
Serrano,ser,California Uto-Aztecan,Uto-Aztecan
Shira Yughur,yuy,Mongolic,Altaic
Sukuma,suk,Bantoid,Niger-Congo
Sulung,suv,Sulung,Sulung
Sursurunga,sgz,Oceanic,Austronesian
Tanglapui,swt,Kolana-Tanglapui,Timor-Alor-Pantar
Tasmanian,NA,Tasmanian,Tasmanian
Tetela,tll,Bantoid,Niger-Congo
Tsonga,tso,Bantoid,Niger-Congo
Tswana,tsn,Bantoid,Niger-Congo
Tupuri,tui,Mbumic,Niger-Congo
Tyeraity,woa,Northern Daly,Northern Daly
Upper Kuskokwim,kuu,Athapaskan,Na-Dene
Yali,yli,Dani,Trans-New Guinea
Yamdena,jmd,Central Malayo-Polynesian,Austronesian
Yansi,yns,Bantoid,Niger-Congo
Yazgulyam,yah,Iranian,Indo-European
Zapotec (Quiegolani),zpi,Zapotecan,Oto-Manguean
Aghul,agx,Lezgic,Nakh-Daghestanian
Alutiiq,ems,Eskimo,Eskimo-Aleut
Arabic (Palestinian),ajp,Semitic,Afro-Asiatic
Aribwatsa,laz,Oceanic,Austronesian
Asuriní,asu,Tupi-Guaraní,Tupian
Atacameño,kuz,Kunza,Kunza
Bandjalang (Waalubal),bdy,Southeastern Pama-Nyungan,Pama-Nyungan
Bena-Lulua,lua,Bantoid,Niger-Congo
Berber (Ayt Seghrouchen Middle Atlas),tzm,Berber,Afro-Asiatic
Biak,bhw,South Halmahera - West New Guinea,Austronesian
Binga,yul,Bongo-Bagirmi,Central Sudanic
Bora,boa,Boran,Huitotoan
Bozo (Tigemaxo),boz,Western Mande,Mande
Chorote,crq,Matacoan,Matacoan
Chorote,crt,Matacoan,Matacoan
Cua,cua,Bahnaric,Austro-Asiatic
Dakota,dak,Core Siouan,Siouan
Embera Chami,cmi,Choco,Choco
Fiote,kng,Bantoid,Niger-Congo
Fox,sac,Algonquian,Algic
Gurenne,gur,Northern-Central Gur,Niger-Congo
Hawrami,hac,Iranian,Indo-European
Hdi,xed,Biu-Mandara,Afro-Asiatic
Hmong Daw,mww,Hmong-Mien,Hmong-Mien
Iha,ihp,West Bomberai,West Bomberai
Jarawa (in Andamans),anq,South Andamanese,South Andamanese
Karelian,krl,Finnic,Uralic
Kashaya,kju,Pomoan,Hokan
Koh (Lakka),xuo,Mbumic,Niger-Congo
Kumyk,kum,Turkic,Altaic
Mambwe,mgr,Bantoid,Niger-Congo
Mazanderani,mzn,Iranian,Indo-European
Miriwung,mep,Jarrakan,Jarrakan
Monumbo,mxk,Monumbo,Monumbo
Mordvin (Moksha),mdf,Mordvin,Uralic
Nahuatl (Mecayapan Isthmus),nhx,Aztecan,Uto-Aztecan
Nivkh (South Sakhalin),niv,Nivkh,Nivkh
Nyiha,nih,Bantoid,Niger-Congo
Occitan,oci,Romance,Indo-European
Pokot,pko,Nilotic,Eastern Sudanic
Padoe,pdo,Celebic,Austronesian
Baniwa,bwi,Inland Northern Maipuran,Arawakan
Ojibwa (Severn),ojs,Algonquian,Algic
Papiamentu,pap,Creoles and Pidgins,other
Pileni,piv,Oceanic,Austronesian
Pintupi,piu,Western Pama-Nyungan,Pama-Nyungan
Pogoro,poy,Bantoid,Niger-Congo
Popoloca (Metzontla),pbe,Popolocan,Oto-Manguean
Quechan,yum,Yuman,Hokan
Sorbian (Upper),hsb,Slavic,Indo-European
Spokane,spo,Interior Salish,Salishan
Tangga,hrc,Oceanic,Austronesian
Thadou,tcz,Kuki-Chin,Sino-Tibetan
Tsogo,tsv,Bantoid,Niger-Congo
Tuamotuan,pmt,Oceanic,Austronesian
Yaygir,NA,Southeastern Pama-Nyungan,Pama-Nyungan
Zenaga,zen,Berber,Afro-Asiatic
Abaza,abq,Northwest Caucasian,Northwest Caucasian
Amarakaeri,amr,Harakmbet,Harakmbet
Amis,ami,East Formosan,Austronesian
Arabic (Tunisian),aeb,Semitic,Afro-Asiatic
Atchin,upv,Oceanic,Austronesian
Awyi,auw,Border,Border
Baga Sitemu,bsp,Mel,Niger-Congo
Berber (Siwa),siz,Berber,Afro-Asiatic
Boko,bqc,Eastern Mande,Mande
Broken,tcs,Creoles and Pidgins,other
Bubi,bvb,Bantoid,Niger-Congo
Cheyenne,chy,Algonquian,Algic
Chiriguano,gui,Tupi-Guaraní,Tupian
Creek,mus,Muskogean,Muskogean
Doko,ngc,Bantoid,Niger-Congo
Fordata,frd,Central Malayo-Polynesian,Austronesian
Gagauz,gag,Turkic,Altaic
Gilaki,glk,Iranian,Indo-European
Jad,bod,Bodic,Sino-Tibetan
Karitiâna,ktn,Arikem,Tupian
Kickapoo,kic,Algonquian,Algic
Kusunda,kgg,Kusunda,Kusunda
Kwami,ksq,West Chadic,Afro-Asiatic
Lengua,enx,Mascoian,Mascoian
Lozi,loz,Bantoid,Niger-Congo
Magahi,mag,Indic,Indo-European
Makaa,mcp,Bantoid,Niger-Congo
Marchha,rnp,Bodic,Sino-Tibetan
Mari (Hill),mrj,Mari,Uralic
Midob,mei,Nubian,Eastern Sudanic
Miisiirii,tma,Taman,Eastern Sudanic
Miwok (Central Sierra),csm,Miwok,Penutian
Miwok (Northern Sierra),nsq,Miwok,Penutian
Mixtec (Atatlahuca),mib,Mixtecan,Oto-Manguean
Mpongwe,mye,Bantoid,Niger-Congo
Nande,nnb,Bantoid,Niger-Congo
Nkem,isi,Bantoid,Niger-Congo
Pomo (Central),poo,Pomoan,Hokan
Quechua (Ayacucho),quy,Quechuan,Quechuan
Quiché,quc,Mayan,Mayan
Rembarnga,rmb,Rembarnga,Gunwinyguan
Secoya,sey,Tucanoan,Tucanoan
Skou,skv,Western Skou,Skou
Tabare,sst,Chimbu,Trans-New Guinea
Tamagario,tcg,Kayagar,Kayagar
Tangale,tan,West Chadic,Afro-Asiatic
Tem,kdh,Southern-Central Gur,Niger-Congo
Toqabaqita,mlu,Oceanic,Austronesian
Tübatulabal,tub,California Uto-Aztecan,Uto-Aztecan
Tuki,bag,Bantoid,Niger-Congo
Tumleo,tmq,Oceanic,Austronesian
Tunebo,tnd,Tunebo,Chibchan
Ulithian,uli,Oceanic,Austronesian
Vagla,vag,Southern-Central Gur,Niger-Congo
Walmatjari,wmt,Western Pama-Nyungan,Pama-Nyungan
Wik Ngathana,wig,Northern Pama-Nyungan,Pama-Nyungan
Winnebago,win,Core Siouan,Siouan
Yankuntjatjara,kdd,Western Pama-Nyungan,Pama-Nyungan
Zapotec (San Lucas Quiaviní),zab,Zapotecan,Oto-Manguean
Abau,aau,Upper Sepik,Sepik
Buin,buo,East Bougainville,East Bougainville
Chaga,old,Bantoid,Niger-Congo
Chambri,can,Lower Sepik,Lower Sepik-Ramu
Chaudangsi,cdn,Bodic,Sino-Tibetan
Chocho,coz,Popolocan,Oto-Manguean
Cuica,NA,Timote-Cuica,Timote-Cuica
Duma,dma,Bantoid,Niger-Congo
Futuna (East),fud,Oceanic,Austronesian
Foe,foi,Kutubuan,Trans-New Guinea
Haitian Creole,hat,Creoles and Pidgins,other
Jurchen,juc,Tungusic,Altaic
Katu,ktv,Katuic,Austro-Asiatic
Katu,kuf,Katuic,Austro-Asiatic
Kei,kei,Central Malayo-Polynesian,Austronesian
Mauritian Creole,mfe,Creoles and Pidgins,other
Mbalanhu,lnb,Bantoid,Niger-Congo
Micmac,mic,Algonquian,Algic
Montagnais,moe,Algonquian,Algic
Mulao,mlm,Kam-Tai,Tai-Kadai
Munsee,umu,Algonquian,Algic
Nelemwa,nee,Oceanic,Austronesian
Ntomba,nto,Bantoid,Niger-Congo
Nusu,nuf,Burmese-Lolo,Sino-Tibetan
Oirat,xal,Mongolic,Altaic
Otomí (Ixtenco),otz,Otomian,Oto-Manguean
Pangwa,pbr,Bantoid,Niger-Congo
Pomo (Northern),pej,Pomoan,Hokan
Quechua (Cuzco),quz,Quechuan,Quechuan
Rikbaktsa,rkb,Rikbaktsa,Macro-Ge
Roti,twu,Central Malayo-Polynesian,Austronesian
Southeast Ambrym,tvk,Oceanic,Austronesian
Sranan,srn,Creoles and Pidgins,other
Sungor,sjg,Taman,Eastern Sudanic
Tojolabal,toj,Mayan,Mayan
Uru,ure,Uru-Chipaya,Uru-Chipaya
Watam,wax,Lower Ramu,Lower Sepik-Ramu
Wyandot,wya,Northern Iroquoian,Iroquoian
Yavapai,yuf,Yuman,Hokan
Aghu,ahh,Awju-Dumut,Trans-New Guinea
Anyi,any,Kwa,Niger-Congo
Ayoreo,ayo,Zamucoan,Zamucoan
Baluchi,bgp,Iranian,Indo-European
Basari,bsc,Tenda,Niger-Congo
Berber (Chaouia),shy,Berber,Afro-Asiatic
Betoi,NA,Betoi,Betoi
Bhumij,unr,Munda,Austro-Asiatic
Bolia,bli,Bantoid,Niger-Congo
Bori,adi,Tani,Sino-Tibetan
Cashinahua,cbs,Panoan,Panoan
Chuukese,chk,Oceanic,Austronesian
Desano,des,Tucanoan,Tucanoan
Dharawal,tbh,Southeastern Pama-Nyungan,Pama-Nyungan
Dharumbal,bjy,Northern Pama-Nyungan,Pama-Nyungan
Ebira,igb,Nupoid,Niger-Congo
Godié,god,Kru,Niger-Congo
Johari,NA,Bodic,Sino-Tibetan
Kambot,kbx,Botin,Lower Sepik-Ramu
Kanembu,kbl,Western Saharan,Saharan
Kanum (Bädi),khd,Morehead and Upper Maro Rivers,Morehead and Upper Maro Rivers
"Kati (in West Papua, Indonesia)",yon,Ok,Trans-New Guinea
Kazakh,kaz,Turkic,Altaic
Konyagi,cou,Tenda,Niger-Congo
Makonde,kde,Bantoid,Niger-Congo
Maringarr,zmt,Bringen,Western Daly
Mombum,mso,Mombum,Mombum
Moni,mnz,Wissel Lakes-Kemandoga,Trans-New Guinea
Mundani,mnf,Bantoid,Niger-Congo
Nauruan,nau,Oceanic,Austronesian
Sa'a,apb,Oceanic,Austronesian
Sengele,szg,Bantoid,Niger-Congo
Sila,dau,Daju,Eastern Sudanic
Talinga,tlj,Bantoid,Niger-Congo
Tupi,NA,Tupi-Guaraní,Tupian
Warrnambool,NA,Southeastern Pama-Nyungan,Pama-Nyungan
Yao (in Malawi),yao,Bantoid,Niger-Congo
Yei,jei,Morehead and Upper Maro Rivers,Morehead and Upper Maro Rivers
Yelmek,jel,Bulaka River,Bulaka River
Zoque (Ostuacan),zoc,Mixe-Zoque,Mixe-Zoque
Aguacatec,agu,Mayan,Mayan
Alsea,aes,Alsea,Oregon Coast
Ayomán,NA,Jirajaran,Jirajaran
Bugun,NA,Western Arunachal,Sino-Tibetan
Chichimeca-Jonaz,pei,Chichimec,Oto-Manguean
Cholón,cht,Cholon,Cholon
Cholón,clh,Cholon,Cholon
Crimean Tatar,crh,Turkic,Altaic
Edolo,etr,Bosavi,Bosavi
Esmeraldeño,NA,Tacame,Tacame
Hemba,hem,Bantoid,Niger-Congo
Holoholo,hoo,Bantoid,Niger-Congo
Jabutí,jbt,Jabutí,Macro-Ge
Jino,jiu,Burmese-Lolo,Sino-Tibetan
Jino,jiy,Burmese-Lolo,Sino-Tibetan
Jugli,nst,Northern Naga,Sino-Tibetan
Kaluli,bco,Bosavi,Bosavi
Karadjeri,gbd,Western Pama-Nyungan,Pama-Nyungan
Karankawa,zkk,Karankawa,Karankawa
Khinalug,kjj,Lezgic,Nakh-Daghestanian
Kire,geb,Mikarew,Lower Sepik-Ramu
Kui (in India),kxu,South-Central Dravidian,Dravidian
Lamba,lam,Bantoid,Niger-Congo
Mada (in Cameroon),mxu,Biu-Mandara,Afro-Asiatic
Magi,mgu,Mailuan,Trans-New Guinea
Mairasi,zrs,Mairasi-Tanahmerah,Trans-New Guinea
Maklew,mgf,Bulaka River,Bulaka River
Malto,kmj,Northern Dravidian,Dravidian
Mbole,mdq,Bantoid,Niger-Congo
Mojave,mov,Yuman,Hokan
Oksapmin,opm,Oksapmin,Oksapmin
Ono,ons,Finisterre-Huon,Trans-New Guinea
Ronga,rng,Bantoid,Niger-Congo
Runyoro-Rutooro,nyo,Bantoid,Niger-Congo
Spitian,bod,Bodic,Sino-Tibetan
Thompson,thp,Interior Salish,Salishan
Wagiman,waq,Wagiman,Wagiman
Yaqay,jaq,Marind,Anim
Zaparo,zro,Zaparoan,Zaparoan
Aja,aja,Kresh,Central Sudanic
Amara,aie,Oceanic,Austronesian
Arapesh (Abu),NA,Kombio-Arapesh,Torricelli
Bankon,abb,Bantoid,Niger-Congo
Bila,bip,Bantoid,Niger-Congo
Boazi,kvg,Marind,Anim
Buli (in Indonesia),bzq,South Halmahera - West New Guinea,Austronesian
Catawba,chc,Catawban,Siouan
Chontal (Highland),chd,Tequistlatecan,Tequistlatecan
Chuave,cjv,Chimbu,Trans-New Guinea
Chuj,cac,Mayan,Mayan
Chuj,cnm,Mayan,Mayan
Chumash (Ineseño),inz,Chumash,Chumash
Deuri,der,Bodo-Garo,Sino-Tibetan
Dhivehi,div,Indic,Indo-European
Faroese,fao,Germanic,Indo-European
Gworok,kcg,Platoid,Niger-Congo
Hani,hni,Burmese-Lolo,Sino-Tibetan
Hehe,heh,Bantoid,Niger-Congo
Huitoto (Muinane),hux,Huitoto,Huitotoan
Kabatei,xkp,Iranian,Indo-European
Kamu,xmu,Eastern Daly,Eastern Daly
Kodava,kfa,Southern Dravidian,Dravidian
Kwerba,kwe,Kwerba,Kwerba
Lebeo,agh,Bantoid,Niger-Congo
Lucazi,lch,Bantoid,Niger-Congo
Mandinka,mnk,Western Mande,Mande
Marshallese,mah,Oceanic,Austronesian
Mbere,mdt,Bantoid,Niger-Congo
Minaveha,mvn,Oceanic,Austronesian
Mongol (Khamnigan),NA,Mongolic,Altaic
Natügu,ntu,Oceanic,Austronesian
Nend,anh,Madang,Trans-New Guinea
One,aun,West Wapei,Torricelli
Ordos,mvf,Mongolic,Altaic
Paiute (Southern),ute,Numic,Uto-Aztecan
Pisa,psa,Awju-Dumut,Trans-New Guinea
Rao,rao,Annaberg,Lower Sepik-Ramu
Sahaptin (Umatilla),uma,Sahaptian,Penutian
Shekhawati,swv,Indic,Indo-European
Talysh (Southern),tly,Iranian,Indo-European
Tati (Southern),tks,Iranian,Indo-European
Tinani,lbf,Bodic,Sino-Tibetan
Tsez,ddo,Avar-Andic-Tsezic,Nakh-Daghestanian
Tuareg (Air),thv,Berber,Afro-Asiatic
Worora,wro,Worrorran,Worrorran
Nuosu,iii,Burmese-Lolo,Sino-Tibetan
Yir Yoront,yyr,Northern Pama-Nyungan,Pama-Nyungan
Aché,guq,Tupi-Guaraní,Tupian
Aizi,ahp,Kru,Niger-Congo
Ket,ket,Yeniseian,Yeniseian
Ayiwo,nfl,Oceanic,Austronesian
Bafia,ksf,Bantoid,Niger-Congo
Bafut,bfd,Bantoid,Niger-Congo
Balanta,bjt,Bak,Niger-Congo
Balanta,ble,Bak,Niger-Congo
Bariba,bba,Southern-Central Gur,Niger-Congo
Brokskat,bkk,Indic,Indo-European
Bularnu,NA,Western Pama-Nyungan,Pama-Nyungan
Chayahuita,cbt,Cahuapanan,Cahuapanan
Coeur d'Alene,crd,Interior Salish,Salishan
Cuiba,cui,Guahiban,Guahiban
Dulong,duu,Nungish,Sino-Tibetan
Emmi,amy,Wagaydy,Western Daly
Ga'anda,gqa,Biu-Mandara,Afro-Asiatic
Galela,gbi,North Halmaheran,West Papuan
Guhu-Samane,ghs,Binanderean,Trans-New Guinea
Idoma,idu,Idomoid,Niger-Congo
Idu,clk,Digaroan,Sino-Tibetan
Ixil,ixl,Mayan,Mayan
Kabiyé,kbp,Southern-Central Gur,Niger-Congo
Kamoro,kgq,Asmat-Kamoro,Trans-New Guinea
Kayapó,txu,Ge-Kaingang,Macro-Ge
Khowar,khw,Indic,Indo-European
Kohumono,bcs,Cross River,Niger-Congo
Koyukon,koy,Athapaskan,Na-Dene
Kurmanji,kmr,Iranian,Indo-European
Langi,lag,Bantoid,Niger-Congo
Larike,alo,Central Malayo-Polynesian,Austronesian
Lhomi,lhm,Bodic,Sino-Tibetan
Lungchang,nst,Northern Naga,Sino-Tibetan
Ma,msj,Ubangi,Niger-Congo
Mekeo,mek,Oceanic,Austronesian
Mixtec (Molinos),mig,Mixtecan,Oto-Manguean
Mundurukú,myu,Munduruku,Tupian
Ngadjumaja,nju,Western Pama-Nyungan,Pama-Nyungan
Nguna,llp,Oceanic,Austronesian
Nyamkad,tpq,Bodic,Sino-Tibetan
Orya,ury,Orya,Tor-Orya
Patwin,pwu,Wintuan,Penutian
Konjo,kjc,South Sulawesi,Austronesian
Moraori,mok,Moraori,Moraori
Machiguenga,mcb,Pre-Andine Arawakan,Arawakan
Lega,lea,Bantoid,Niger-Congo
Slovak,slk,Slavic,Indo-European
Taiap,gpn,Gapun,Gapun
Teke (Southern),kkw,Bantoid,Niger-Congo
Tiv,tiv,Bantoid,Niger-Congo
Tsakhur,tkr,Lezgic,Nakh-Daghestanian
Western Desert (Ooldea),NA,Western Pama-Nyungan,Pama-Nyungan
Wirangu,wgu,Central Pama-Nyungan,Pama-Nyungan
Womo,NA,Serra Hills,Skou
Alladian,ald,Kwa,Niger-Congo
Bachamal,wdj,Anson Bay,Anson Bay
Bagvalal,kva,Avar-Andic-Tsezic,Nakh-Daghestanian
Bakairí,bkq,Cariban,Cariban
Bardi,bcj,Nyulnyulan,Nyulnyulan
Beembe,beq,Bantoid,Niger-Congo
Bisu,bzi,Burmese-Lolo,Sino-Tibetan
Bisu,lwm,Burmese-Lolo,Sino-Tibetan
Bobangi,bni,Bantoid,Niger-Congo
Bru (Western),brv,Katuic,Austro-Asiatic
Caddo,cad,Caddoan,Caddoan
Chiquitano,cax,Chiquito,Chiquito
Coahuilteco,xcw,Coahuiltecan,Coahuiltecan
Dadibi,mps,Teberan,Teberan-Pawaian
Daju (Dar Fur),daj,Daju,Eastern Sudanic
Dangaléat (Western),daa,East Chadic,Afro-Asiatic
Darai,dry,Indic,Indo-European
Deti,shg,Khoe-Kwadi,Khoe-Kwadi
Toro So,dts,Dogon,Dogon
Ega,ega,Ega,Niger-Congo
Fuzhou,cdo,Chinese,Sino-Tibetan
Gelao,gqu,Kadai,Tai-Kadai
Gola,gol,Mel,Niger-Congo
Guató,gta,Guató,Guató
Hadza,hts,Hadza,Hadza
Hebrew (Modern Ashkenazic),heb,Semitic,Afro-Asiatic
Irish (Donegal),gle,Celtic,Indo-European
Isoko,iso,Edoid,Niger-Congo
Japreria,jru,Cariban,Cariban
Jomang,tlo,Talodi,Kordofanian
Wu,wuu,Chinese,Sino-Tibetan
Karkar-Yuri,yuj,Eastern Pauwasi,Pauwasi
Katcha,xtc,Kadugli,Kadu
Kedang,ksx,Central Malayo-Polynesian,Austronesian
Kinga,zga,Bantoid,Niger-Congo
Kisi (Southern),kss,Mel,Niger-Congo
Kpan,kpk,Platoid,Niger-Congo
Lakkia,lbc,Kadai,Tai-Kadai
Lamé,lme,Masa,Afro-Asiatic
Laz,lzz,Kartvelian,Kartvelian
Lua,nie,Bua,Niger-Congo
Ma'ya,slz,South Halmahera - West New Guinea,Austronesian
Mungaka,mhk,Bantoid,Niger-Congo
Nalik,nal,Oceanic,Austronesian
Nengone,nen,Oceanic,Austronesian
Nyah Kur (Tha Pong),cbn,Monic,Austro-Asiatic
Nyangi,nyp,Kuliak,Eastern Sudanic
Ogbia,ogb,Cross River,Niger-Congo
Parauk,prk,Palaungic,Austro-Asiatic
Phlong,pww,Karen,Sino-Tibetan
Po-Ai,fwa,Oceanic,Austronesian
Popoloca (San Juan Atzingo),poe,Popolocan,Oto-Manguean
Pungupungu,wdj,Anson Bay,Anson Bay
Rawa,rwo,Finisterre-Huon,Trans-New Guinea
Romani (Kalderash),rmy,Indic,Indo-European
Romansch (Scharans),roh,Romance,Indo-European
Rotokas,roo,West Bougainville,West Bougainville
Saami (Central-South),sma,Saami,Uralic
Savosavo,svs,Savosavo,Solomons East Papuan
Seme,sif,Kru,Niger-Congo
Sa'ban,snv,North Borneo,Austronesian
Makua,mgh,Bantoid,Niger-Congo
Makua,xsq,Bantoid,Niger-Congo
Tzeltal (Aguacatenango),tzh,Mayan,Mayan
UMbundu,umb,Bantoid,Niger-Congo
Venda,ven,Bantoid,Niger-Congo
Wai Wai,waw,Cariban,Cariban
Wantoat,wnc,Finisterre-Huon,Trans-New Guinea
Zazaki,diq,Iranian,Indo-European
Achang,acn,Burmese-Lolo,Sino-Tibetan
Akawaio,ake,Cariban,Cariban
Aleut (Eastern),ale,Aleut,Eskimo-Aleut
Anamuxra,imi,Madang,Trans-New Guinea
Basaá,bas,Bantoid,Niger-Congo
Bemba,bem,Bantoid,Niger-Congo
Bongu,bpu,Madang,Trans-New Guinea
Capanahua,kaq,Panoan,Panoan
Dâw,kwa,Nadahup,Nadahup
Day,dai,Day,Niger-Congo
Djinang,dji,Western Pama-Nyungan,Pama-Nyungan
Fe'fe',fmp,Bantoid,Niger-Congo
Fongbe,fon,Kwa,Niger-Congo
Hanga Hundi,wos,Ndu,Sepik
Itzaj,itz,Mayan,Mayan
Jeli,NA,Western Mande,Mande
Kefa,kbr,South Omotic,Afro-Asiatic
Kiluba,lub,Bantoid,Niger-Congo
Kotoko,aal,Biu-Mandara,Afro-Asiatic
Lü,khb,Kam-Tai,Tai-Kadai
Matuumbi,mgw,Bantoid,Niger-Congo
Mussau,emi,Oceanic,Austronesian
Nahali,nll,Nahali,Nahali
Neo-Aramaic (Persian Azerbaijan),trg,Semitic,Afro-Asiatic
Ngan'gityemerri,nam,Ngankikurungkurr,Southern Daly
Ngawun,nxn,Northern Pama-Nyungan,Pama-Nyungan
Nsenga,nse,Bantoid,Niger-Congo
Nyigina,nyh,Nyulnyulan,Nyulnyulan
Omaha,oma,Core Siouan,Siouan
Ormuri,oru,Iranian,Indo-European
Pame,pbs,Pamean,Oto-Manguean
Romansch (Sursilvan),roh,Romance,Indo-European
Ron,cla,West Chadic,Afro-Asiatic
Senadi,sef,Senufo,Niger-Congo
Shabo,sbf,Shabo,Shabo
Soninke,snk,Western Mande,Mande
Tikar,tik,Bantoid,Niger-Congo
Waris,wrs,Border,Border
Wathawurrung,NA,Southeastern Pama-Nyungan,Pama-Nyungan
Waunana,noa,Choco,Choco
/Xam,xam,Tu,Tu
Xavánte,xav,Ge-Kaingang,Macro-Ge
Xokleng,xok,Ge-Kaingang,Macro-Ge
Yaminahua,yaa,Panoan,Panoan
Adynyamathanha,adt,Central Pama-Nyungan,Pama-Nyungan
Anindilyakwa,aoi,Anindilyakwa,Gunwinyguan
Babole,bvx,Bantoid,Niger-Congo
Bakueri,bri,Bantoid,Niger-Congo
Bandjalang (Yugumbir),bdy,Southeastern Pama-Nyungan,Pama-Nyungan
Barambu,brm,Ubangi,Niger-Congo
Baruya,byr,Angan,Trans-New Guinea
Bisa,bib,Eastern Mande,Mande
Cacua,cbv,Cacua-Nukak,Cacua-Nukak
Magar,mgp,Mahakiranti,Sino-Tibetan
Wapishana,wap,Wapishanan,Arawakan
Aikaná,tba,Aikaná,Aikaná
Ngbaka (Minagende),nga,Gbaya-Manza-Ngbaka,Niger-Congo
Gaagudju,gbu,Gaagudju,Gaagudju
Igede,ige,Idomoid,Niger-Congo
Iwam,iwm,Upper Sepik,Sepik
Jeh,jeh,Bahnaric,Austro-Asiatic
K'ekchí,kek,Mayan,Mayan
Kachari,xac,Bodo-Garo,Sino-Tibetan
Kaki Ae,tbd,Tate,Eleman
Kete,kcv,Bantoid,Niger-Congo
Kullo,gmo,North Omotic,Afro-Asiatic
Kyuquot,nuk,Southern Wakashan,Wakashan
Mandinka (Gambian),mnk,Western Mande,Mande
Maxakalí,mbl,Maxakalí,Macro-Ge
Mixe (Totontepec),mto,Mixe-Zoque,Mixe-Zoque
Musom,msu,Oceanic,Austronesian
Nyawaygi,nyt,Northern Pama-Nyungan,Pama-Nyungan
Rashad,ras,Rashad,Kordofanian
Sobei,sob,Oceanic,Austronesian
Sorbian,dsb,Slavic,Indo-European
Sorbian,hsb,Slavic,Indo-European
Tirmaga,suq,Surmic,Eastern Sudanic
Toaripi,tqo,Eleman Proper,Eleman
Tokelauan,tkl,Oceanic,Austronesian
Tonga (in Zambia),toi,Bantoid,Niger-Congo
Torwali,trw,Indic,Indo-European
Wedau,wed,Oceanic,Austronesian
Yawuru,ywr,Nyulnyulan,Nyulnyulan
Yeyi,yey,Bantoid,Niger-Congo
Afrikaans,afr,Germanic,Indo-European
Aghem,agq,Bantoid,Niger-Congo
Ahtna,aht,Athapaskan,Na-Dene
Baule,bci,Kwa,Niger-Congo
Bini,bin,Edoid,Niger-Congo
Bunuba,bck,Bunuban,Bunuban
Chaldean (Modern),cld,Semitic,Afro-Asiatic
Degema,deg,Edoid,Niger-Congo
Dongo,doo,Ubangi,Niger-Congo
Domaaki,dmk,Indic,Indo-European
Eyak,eya,Eyak,Na-Dene
Gunin,gww,Worrorran,Worrorran
Gurr-goni,gge,Burarran,Mangrida
Heiltsuk,hei,Northern Wakashan,Wakashan
I'saka,ksi,Krisa,Skou
Jiarong,jya,rGyalrong,Sino-Tibetan
Kala Lagaw Ya,mwp,Northern Pama-Nyungan,Pama-Nyungan
Kamba,kam,Bantoid,Niger-Congo
Khakas,kjh,Turkic,Altaic
Konkow,mjd,Maiduan,Penutian
Kota,kfe,Southern Dravidian,Dravidian
Kuuku Ya'u,kuy,Northern Pama-Nyungan,Pama-Nyungan
Londo,bdu,Bantoid,Niger-Congo
Lushootseed,lut,Central Salish,Salishan
Maale,mdy,North Omotic,Afro-Asiatic
Masakin,jle,Talodi,Kordofanian
Massachusett,wam,Algonquian,Algic
Mazatec (Huautla),mau,Popolocan,Oto-Manguean
Mikasuki,mik,Muskogean,Muskogean
Mofu-Gudur,mif,Biu-Mandara,Afro-Asiatic
Mongo,lol,Bantoid,Niger-Congo
Mundang,mua,Mbumic,Niger-Congo
Nankina,nnk,Finisterre-Huon,Trans-New Guinea
Ngalkbun,ngk,Gunwinygic,Gunwinyguan
Nobiin,fia,Nubian,Eastern Sudanic
Pacoh,pac,Katuic,Austro-Asiatic
Quechua (Cochabamba),quh,Quechuan,Quechuan
Roro,rro,Oceanic,Austronesian
Samba Leko,ndi,Samba-Duru,Niger-Congo
Savi,sdg,Indic,Indo-European
Soqotri,sqt,Semitic,Afro-Asiatic
Sotho (Northern),nso,Bantoid,Niger-Congo
Tabwa,tap,Bantoid,Niger-Congo
Taiof,sps,Oceanic,Austronesian
Mbodomo,gmm,Gbaya-Manza-Ngbaka,Niger-Congo
Vafsi,vaf,Iranian,Indo-European
Wangkumara,xwk,Central Pama-Nyungan,Pama-Nyungan
Yahgan,yag,Yámana,Yámana
Adyghe (Abzakh),ady,Northwest Caucasian,Northwest Caucasian
Ala'ala,nrz,Oceanic,Austronesian
Angaataha,agm,Angan,Trans-New Guinea
Arrernte (Western),are,Central Pama-Nyungan,Pama-Nyungan
Bidiya,bid,East Chadic,Afro-Asiatic
Binandere,bhg,Binanderean,Trans-New Guinea
Chickasaw,cic,Muskogean,Muskogean
Cofán,con,Cofán,Cofán
Comox,coo,Central Salish,Salishan
Dhargari,dhr,Western Pama-Nyungan,Pama-Nyungan
Dimasa,dis,Bodo-Garo,Sino-Tibetan
Djabugay,dyy,Northern Pama-Nyungan,Pama-Nyungan
Duala,dua,Bantoid,Niger-Congo
Ejagham,etu,Bantoid,Niger-Congo
Guahibo,guh,Guahiban,Guahiban
Gureng Gureng,gnr,Southeastern Pama-Nyungan,Pama-Nyungan
Kalami,gwc,Indic,Indo-European
Karen (Pwo),kjp,Karen,Sino-Tibetan
Karen (Pwo),pwo,Karen,Sino-Tibetan
Kâte,kmg,Finisterre-Huon,Trans-New Guinea
Konkani,knn,Indic,Indo-European
Kuman,kue,Chimbu,Trans-New Guinea
Kumauni,kfy,Indic,Indo-European
Kurukh,kru,Northern Dravidian,Dravidian
Lacandón,lac,Mayan,Mayan
Lewo,lww,Oceanic,Austronesian
Lou,loj,Oceanic,Austronesian
Marrithiyel,mfr,Bringen,Western Daly
Matsés,mcf,Panoan,Panoan
Muisca,chb,Chibcha-Duit,Chibchan
Mursi,muz,Surmic,Eastern Sudanic
Naga (Zeme),nzm,Kuki-Chin,Sino-Tibetan
Natchez,ncz,Natchez,Natchez
Ndumu,nmd,Bantoid,Niger-Congo
Nehan,nsn,Oceanic,Austronesian
Noghay,nog,Turkic,Altaic
Nubian (Kunuz),xnz,Nubian,Eastern Sudanic
Bunu (Younuo),buh,Hmong-Mien,Hmong-Mien
Podoko,pbi,Biu-Mandara,Afro-Asiatic
Sangu,snq,Bantoid,Niger-Congo
Seminole,mus,Muskogean,Muskogean
Shan,shn,Kam-Tai,Tai-Kadai
Shatt,shj,Daju,Eastern Sudanic
Sherpa,xsr,Bodic,Sino-Tibetan
Siar,sjr,Oceanic,Austronesian
Sudest,tgo,Oceanic,Austronesian
Tairora,tbg,Eastern Highlands,Trans-New Guinea
Tarao,tro,Kuki-Chin,Sino-Tibetan
Tigrinya,tir,Semitic,Afro-Asiatic
Tobati,tti,Oceanic,Austronesian
Tugun,tzn,Central Malayo-Polynesian,Austronesian
Uzbek (Northern),uzn,Turkic,Altaic
Votic,vot,Finnic,Uralic
Adzera,adz,Oceanic,Austronesian
Amuzgo,amu,Amuzgoan,Oto-Manguean
Avokaya,avu,Moru-Ma'di,Central Sudanic
Azari (Iranian),azb,Turkic,Altaic
Busa,bqp,Eastern Mande,Mande
Cashibo,cbr,Panoan,Panoan
Cavineña,cav,Tacanan,Tacanan
CiLuba,lua,Bantoid,Niger-Congo
Thulung,tdh,Mahakiranti,Sino-Tibetan
Guambiano,gum,Barbacoan,Barbacoan
Gunbalang,wlg,Gunwinygic,Gunwinyguan
Iwaidja,ibd,Iwaidjan,Iwaidjan
Jarawa (in Nigeria),jar,Bantoid,Niger-Congo
Kele,sbc,Oceanic,Austronesian
Keresan (Santa Ana),kee,Keresan,Keresan
Kirma,cme,Southern-Central Gur,Niger-Congo
Limilngan,lmc,Limilngan,Darwin Region
Ma'anyan,mhy,Barito,Austronesian
Mamvu,mdi,Mangbutu-Efe,Central Sudanic
Mazahua,maz,Otomian,Oto-Manguean
Mazahua,mmc,Otomian,Oto-Manguean
Mekens,skf,Tupari,Tupian
Meryam Mir,ulk,Western Fly,Western Fly
Mpur,akc,Kebar,West Papuan
Naxi,nxq,Naxi,Sino-Tibetan
Ömie,aom,Koiarian,Trans-New Guinea
Onge,oon,South Andamanese,South Andamanese
Orig,ras,Rashad,Kordofanian
Panare,pbh,Cariban,Cariban
Pumi,pmi,Qiangic,Sino-Tibetan
Pumi,pmj,Qiangic,Sino-Tibetan
Santa,sce,Mongolic,Altaic
Sapuan,spu,Bahnaric,Austro-Asiatic
Siane,snp,Eastern Highlands,Trans-New Guinea
Sindhi,snd,Indic,Indo-European
Sougb,mnx,East Bird's Head,East Bird's Head
Susu,sus,Western Mande,Mande
Swati,ssw,Bantoid,Niger-Congo
Kuuk Thaayorre,thd,Northern Pama-Nyungan,Pama-Nyungan
Timucua,tjm,Timucua,Timucua
Totonac (Papantla),top,Totonacan,Totonacan
Warembori,wsa,South Halmahera - West New Guinea,Austronesian
Bali-Vitu,bbn,Oceanic,Austronesian
Bali-Vitu,wiv,Oceanic,Austronesian
Bauzi,bvz,East Geelvink Bay,East Geelvink Bay
Bété,bev,Kru,Niger-Congo
Chontal (Huamelultec Oaxaca),clo,Tequistlatecan,Tequistlatecan
Crow,cro,Core Siouan,Siouan
Darma,drd,Bodic,Sino-Tibetan
Dime,dim,South Omotic,Afro-Asiatic
Enets,enf,Samoyedic,Uralic
Enets,enh,Samoyedic,Uralic
Gamo,gmv,North Omotic,Afro-Asiatic
Gapapaiwa,pwg,Oceanic,Austronesian
Gela,nlg,Oceanic,Austronesian
Gitksan,git,Tsimshianic,Penutian
Iau,tmu,Lakes Plain,Lakes Plain
Kenga,kyq,Bongo-Bagirmi,Central Sudanic
Koreguaje,coe,Tucanoan,Tucanoan
Lamaholot,slp,Central Malayo-Polynesian,Austronesian
Matis,mpq,Panoan,Panoan
Mbili,baw,Bantoid,Niger-Congo
Dhaasanac,dsh,Lowland East Cushitic,Afro-Asiatic
Mixe (Coatlán),mco,Mixe-Zoque,Mixe-Zoque
Movima,mzp,Movima,Movima
Nadëb,mbj,Nadahup,Nadahup
Nagatman,nce,Yale,Yale
Nimboran,nir,Nimboran,Nimboran
Nisenan,nsz,Maiduan,Penutian
Nzakara,nzk,Ubangi,Niger-Congo
Oriya,ori,Indic,Indo-European
Osage,osa,Core Siouan,Siouan
Palaung,pce,Palaungic,Austro-Asiatic
Palaung,rbb,Palaungic,Austro-Asiatic
Pare,asa,Bantoid,Niger-Congo
Patep,ptp,Oceanic,Austronesian
Roviana,rug,Oceanic,Austronesian
Santali,sat,Munda,Austro-Asiatic
Tehuelche,teh,Chon Proper,Chon
Tenyer,kza,Senufo,Niger-Congo
Tshangla,tsj,Bodic,Sino-Tibetan
Tutelo,tta,Core Siouan,Siouan
Tuyuca,tue,Tucanoan,Tucanoan
Udi,udi,Lezgic,Nakh-Daghestanian
Usarufa,usa,Eastern Highlands,Trans-New Guinea
Yale (Kosarek),kkl,Mek,Trans-New Guinea
Yana,ynn,Yana,Hokan
Gbaya (Northwest),gya,Gbaya-Manza-Ngbaka,Niger-Congo
Apache (Western),apw,Athapaskan,Na-Dene
Arabic (Modern Standard),arb,Semitic,Afro-Asiatic
Awa,awb,Eastern Highlands,Trans-New Guinea
Balti,bft,Bodic,Sino-Tibetan
Banoni,bcm,Oceanic,Austronesian
Bushoong,buf,Bantoid,Niger-Congo
Candoshi,cbu,Candoshi,Candoshi
Chinook (Upper),wac,Chinookan,Penutian
Domari,rmt,Indic,Indo-European
Gahuku,gah,Eastern Highlands,Trans-New Guinea
Gugada,ktd,Western Pama-Nyungan,Pama-Nyungan
Gününa Küne,pue,Puelche,Chon
Haya,hay,Bantoid,Niger-Congo
Hidatsa,hid,Core Siouan,Siouan
Ho,hoc,Munda,Austro-Asiatic
Iduna,viv,Oceanic,Austronesian
Ila,ilb,Bantoid,Niger-Congo
Kalam,kmh,Madang,Trans-New Guinea
Kharia,khr,Munda,Austro-Asiatic
Kinnauri,kfk,Bodic,Sino-Tibetan
Koita,kqi,Koiarian,Trans-New Guinea
Komi-Permyak,koi,Permic,Uralic
Konni,kma,Northern-Central Gur,Niger-Congo
Lagwan,kot,Biu-Mandara,Afro-Asiatic
Mambila,mcu,Bantoid,Niger-Congo
Mambila,mzk,Bantoid,Niger-Congo
Mangap-Mbula,mna,Oceanic,Austronesian
Masa,mcn,Masa,Afro-Asiatic
Mbabaram,NA,Northern Pama-Nyungan,Pama-Nyungan
Meyah,mej,East Bird's Head,East Bird's Head
Mondunga,ndt,Ubangi,Niger-Congo
Mwera,mwe,Bantoid,Niger-Congo
Nocte,njb,Northern Naga,Sino-Tibetan
Orok,oaa,Tungusic,Altaic
Pawnee,paw,Caddoan,Caddoan
Piaroa,pid,Piaroa,Sáliban
Qiang,cng,Qiangic,Sino-Tibetan
Qiang,qxs,Qiangic,Sino-Tibetan
Sahaptin (Northern),waa,Sahaptian,Penutian
Sahaptin (Northern),yak,Sahaptian,Penutian
Sawu,hvn,Central Malayo-Polynesian,Austronesian
Shoshone,shh,Numic,Uto-Aztecan
Takia,tbc,Oceanic,Austronesian
Tanacross,tcb,Athapaskan,Na-Dene
Thakali,ths,Bodic,Sino-Tibetan
Turkmen,tuk,Turkic,Altaic
Warrwa,wwr,Nyulnyulan,Nyulnyulan
Zapotec (Yatzachi),zav,Zapotecan,Oto-Manguean
Zarma,dje,Songhay,Songhay
Arabela,arl,Zaparoan,Zaparoan
Arop-Lokep,apr,Oceanic,Austronesian
Awngi,awn,Central Cushitic,Afro-Asiatic
Bagiro,fuu,Bongo-Bagirmi,Central Sudanic
Carib (De'kwana),mch,Cariban,Cariban
Chehalis (Upper),cjh,Tsamosan,Salishan
Gidabal,bdy,Southeastern Pama-Nyungan,Pama-Nyungan
Goemai,ank,West Chadic,Afro-Asiatic
Hmar,hmr,Kuki-Chin,Sino-Tibetan
Kamass,xas,Samoyedic,Uralic
Kara (in Central African Republic),kah,Bongo-Bagirmi,Central Sudanic
Kiliwa,klb,Yuman,Hokan
Klao,klu,Kru,Niger-Congo
Koiali (Mountain),kpx,Koiarian,Trans-New Guinea
Kuna,kvn,Kuna,Chibchan
Kxoe,xuu,Khoe-Kwadi,Khoe-Kwadi
Laal,gdm,Laal,Laal
Lotha,njh,Kuki-Chin,Sino-Tibetan
Madimadi,NA,Southeastern Pama-Nyungan,Pama-Nyungan
Mangbetu,mdj,Mangbetu,Central Sudanic
Mbara,mpk,Biu-Mandara,Afro-Asiatic
Mixtec (Jicaltepec),mio,Mixtecan,Oto-Manguean
Mixtec (Yosondúa),mpm,Mixtecan,Oto-Manguean
Baure,brg,Bolivia-Parana,Arawakan
Cree (Swampy),csw,Algonquian,Algic
Ocaina,oca,Huitoto,Huitotoan
Orokaiva,okv,Binanderean,Trans-New Guinea
Sáliba (in Colombia),slc,Sáliba,Sáliban
Shina,scl,Indic,Indo-European
Tabla,tnm,Sentani,Sentani
Ura,uur,Oceanic,Austronesian
Wakhi,wbl,Iranian,Indo-European
Yokuts (Yaudanchi),yok,Yokuts,Penutian
Aari,aiw,South Omotic,Afro-Asiatic
Agarabi,agd,Eastern Highlands,Trans-New Guinea
Anguthimri,lnj,Northern Pama-Nyungan,Pama-Nyungan
Badimaya,bia,Western Pama-Nyungan,Pama-Nyungan
Bimoba,bim,Northern-Central Gur,Niger-Congo
Bongo,bot,Bongo-Bagirmi,Central Sudanic
Buma,tkw,Oceanic,Austronesian
Buru,mhs,Central Malayo-Polynesian,Austronesian
Chai,suq,Surmic,Eastern Sudanic
Dargwa,dar,Lak-Dargwa,Nakh-Daghestanian
Eudeve,opt,Opata-Eudeve,Uto-Aztecan
Frisian,frs,Germanic,Indo-European
Golin,gvf,Chimbu,Trans-New Guinea
Gula (in Central African Republic),glu,Bongo-Bagirmi,Central Sudanic
Jaminjung,djd,Jaminjungan,Mirndi
Kadugli,xtc,Kadugli,Kadu
Kaulong,pss,Oceanic,Austronesian
Kimaghama,kig,Kolopom,Kolopom
Koegu,xwg,Surmic,Eastern Sudanic
Kokota,kkk,Oceanic,Austronesian
Kyaka,kyc,Engan,Trans-New Guinea
Laragia,lrg,Laragia,Darwin Region
Lisu,lis,Burmese-Lolo,Sino-Tibetan
Maleu,mgl,Oceanic,Austronesian
Maru,mhx,Burmese-Lolo,Sino-Tibetan
Mono (in United States),mnr,Numic,Uto-Aztecan
Mwotlap,mlv,Oceanic,Austronesian
Ngoni,ngo,Bantoid,Niger-Congo
Nhanda,NA,Western Pama-Nyungan,Pama-Nyungan
Pattani,lae,Bodic,Sino-Tibetan
Poko-Rawo,rwa,Serra Hills,Skou
Purki,prx,Bodic,Sino-Tibetan
Ritharngu,rit,Western Pama-Nyungan,Pama-Nyungan
Romani (Welsh),rmw,Indic,Indo-European
Rumu,klq,Turama-Kikorian,Turama-Kikorian
Runga,rou,Maban,Maban
Sardinian,sro,Romance,Indo-European
Seediq,trv,Atayalic,Austronesian
Sora,srb,Munda,Austro-Asiatic
Tobelo,tlb,North Halmaheran,West Papuan
Akha,ahk,Burmese-Lolo,Sino-Tibetan
Anggor,agg,Senagi,Senagi
Arabic (Iraqi),acm,Semitic,Afro-Asiatic
Assamese,asm,Indic,Indo-European
Cakchiquel,cak,Mayan,Mayan
Chatino (Yaitepec),ctp,Zapotecan,Oto-Manguean
Gondi,ggo,South-Central Dravidian,Dravidian
Gondi,gno,South-Central Dravidian,Dravidian
Hualapai,yuf,Yuman,Hokan
Hunde,hke,Bantoid,Niger-Congo
Hup,jup,Nadahup,Nadahup
Katla,kcr,Katla-Tima,Kordofanian
Kwangali,kwn,Bantoid,Niger-Congo
Lendu,led,Lendu,Central Sudanic
Leti,lti,Central Malayo-Polynesian,Austronesian
Mae,mme,Oceanic,Austronesian
Motuna,siw,East Bougainville,East Bougainville
Muruwari,zmu,Southeastern Pama-Nyungan,Pama-Nyungan
Naga (Mao),nbi,Kuki-Chin,Sino-Tibetan
Nahuatl (Michoacán),ncl,Aztecan,Uto-Aztecan
Nar-Phu,npa,Bodic,Sino-Tibetan
Iranxe,irn,Iranxe,Iranxe
Yucuna,ycn,Inland Northern Arawakan,Arawakan
Tibetan (Modern Literary),bod,Bodic,Sino-Tibetan
Tsou,tsu,Tsou,Austronesian
Warndarang,wnd,Warndarang,Mangarrayi-Maran
Yucatec,yua,Mayan,Mayan
Zayse,zay,North Omotic,Afro-Asiatic
Apatani,apt,Tani,Sino-Tibetan
Belorussian,bel,Slavic,Indo-European
Bilua,blb,Bilua,Solomons East Papuan
Biri,bzr,Northern Pama-Nyungan,Pama-Nyungan
Chang,nbc,Northern Naga,Sino-Tibetan
Chin (Mara),mrh,Kuki-Chin,Sino-Tibetan
Chin (Siyin),csy,Kuki-Chin,Sino-Tibetan
Dla (Proper),kbv,Senagi,Senagi
Great Andamanese,apq,Great Andamanese,Great Andamanese
Guarijío,var,Tarahumaran,Uto-Aztecan
Jukun,jbu,Platoid,Niger-Congo
Kabyle,kab,Berber,Afro-Asiatic
Kalispel,fla,Interior Salish,Salishan
Karó (Arára),arr,Ramarama,Tupian
Kinyarwanda,kin,Bantoid,Niger-Congo
Majang,mpe,Surmic,Eastern Sudanic
Malgwa,mfi,Biu-Mandara,Afro-Asiatic
Mano,mev,Eastern Mande,Mande
Me'en,mym,Surmic,Eastern Sudanic
Mono-Alu,mte,Oceanic,Austronesian
Nahuatl (Huasteca),nhe,Aztecan,Uto-Aztecan
Nahuatl (Huasteca),nhw,Aztecan,Uto-Aztecan
Nevome,ood,Tepiman,Uto-Aztecan
Ngaanyatjarra,ntj,Western Pama-Nyungan,Pama-Nyungan
Nkonya,nko,Kwa,Niger-Congo
Nyamwezi,nym,Bantoid,Niger-Congo
Ocuilteco,ocu,Matlatzincan,Oto-Manguean
Sandawe,sad,Sandawe,Sandawe
Sare,dju,Sepik Hill,Sepik
Sikkimese,sip,Bodic,Sino-Tibetan
Telefol,tlf,Ok,Trans-New Guinea
Tuareg (Ahaggar),thv,Berber,Afro-Asiatic
Uldeme,udl,Biu-Mandara,Afro-Asiatic
Uyghur,uig,Turkic,Altaic
Walman,van,Wapei-Palei,Torricelli
Yingkarta,yia,Western Pama-Nyungan,Pama-Nyungan
Zoque (Chimalapa),zoh,Mixe-Zoque,Mixe-Zoque
Alabama,akz,Muskogean,Muskogean
Aleut,ale,Aleut,Eskimo-Aleut
Ambai,amk,South Halmahera - West New Guinea,Austronesian
Bhojpuri,bho,Indic,Indo-European
Camsá,kbh,Camsá,Camsá
Chinook (Lower),chh,Chinookan,Penutian
Duka,dud,Kainji,Niger-Congo
Gokana,gkn,Cross River,Niger-Congo
Guajajara,gub,Tupi-Guaraní,Tupian
Halia,hla,Oceanic,Austronesian
Hamer,amf,South Omotic,Afro-Asiatic
Huichol,hch,Corachol,Uto-Aztecan
Karen (Bwe),bwe,Karen,Sino-Tibetan
Kokborok,trp,Bodo-Garo,Sino-Tibetan
Kresh,krs,Kresh,Central Sudanic
Kuvi,kxv,South-Central Dravidian,Dravidian
Longgu,lgu,Oceanic,Austronesian
Mising,mrg,Tani,Sino-Tibetan
Mutsun,css,Costanoan,Penutian
Namia,nnm,Yellow River,Sepik
Sema,nsm,Kuki-Chin,Sino-Tibetan
Achagua,aca,Inland Northern Arawakan,Arawakan
Kemant,ahg,Central Cushitic,Afro-Asiatic
Teop,tio,Oceanic,Austronesian
Xhosa,xho,Bantoid,Niger-Congo
Yay,pcc,Kam-Tai,Tai-Kadai
Zapotec (Mitla),zaw,Zapotecan,Oto-Manguean
Adioukrou,adj,Kwa,Niger-Congo
Angami,njm,Kuki-Chin,Sino-Tibetan
Angami,nri,Kuki-Chin,Sino-Tibetan
Atakapa,aqp,Atakapa,Atakapa
Baka (in Cameroon),bkc,Ubangi,Niger-Congo
Berber (Rif),rif,Berber,Afro-Asiatic
Brao,brb,Bahnaric,Austro-Asiatic
Chantyal,chx,Bodic,Sino-Tibetan
Fore,for,Eastern Highlands,Trans-New Guinea
Gurung,ggn,Bodic,Sino-Tibetan
Gurung,gvr,Bodic,Sino-Tibetan
Hakka,hak,Chinese,Sino-Tibetan
Izi,izz,Igboid,Niger-Congo
Korowai,khe,Awju-Dumut,Trans-New Guinea
Lamang,hia,Biu-Mandara,Afro-Asiatic
Lillooet,lil,Interior Salish,Salishan
Macedonian,mkd,Slavic,Indo-European
Margany,zmc,Northern Pama-Nyungan,Pama-Nyungan
Mikir,mjw,Kuki-Chin,Sino-Tibetan
Mixtec (Ocotepec),mie,Mixtecan,Oto-Manguean
Muinane,bmr,Boran,Huitotoan
Nabak,naf,Finisterre-Huon,Trans-New Guinea
Nanai,gld,Tungusic,Altaic
Pima Bajo,pia,Tepiman,Uto-Aztecan
Tama,tma,Taman,Eastern Sudanic
Tarahumara (Central),tar,Tarahumaran,Uto-Aztecan
Temein,teq,Temein,Eastern Sudanic
Tepehua (Tlachichilco),tpt,Totonacan,Totonacan
Tiriyo,tri,Cariban,Cariban
Tsafiki,cof,Barbacoan,Barbacoan
Tunen,tvu,Bantoid,Niger-Congo
Tzotzil,tzo,Mayan,Mayan
Watjarri,wbv,Western Pama-Nyungan,Pama-Nyungan
Wayampi,oym,Tupi-Guaraní,Tupian
Wolaytta,wal,North Omotic,Afro-Asiatic
Yanyuwa,jao,Western Pama-Nyungan,Pama-Nyungan
Alune,alp,Central Malayo-Polynesian,Austronesian
Anêm,anz,Anêm,Anêm
Arabana,ard,Central Pama-Nyungan,Pama-Nyungan
Bandjalang,bdy,Southeastern Pama-Nyungan,Pama-Nyungan
Cèmuhî,cam,Oceanic,Austronesian
Chaha,sgw,Semitic,Afro-Asiatic
Dagaare,dga,Northern-Central Gur,Niger-Congo
Efik,efi,Cross River,Niger-Congo
Gã,gaa,Kwa,Niger-Congo
Gumuz,guk,Gumuz,Gumuz
Karakalpak,kaa,Turkic,Altaic
Kipea,kzw,Kariri,Kariri
Lalo,ywt,Burmese-Lolo,Sino-Tibetan
Lamani,lmn,Indic,Indo-European
Lunda,lun,Bantoid,Niger-Congo
Moghol,mhj,Mongolic,Altaic
Mor,mhz,South Halmahera - West New Guinea,Austronesian
Naga (Tangkhul),nmf,Kuki-Chin,Sino-Tibetan
Ndjébbana,djj,Ndjébbana,Mangrida
Nyulnyul,nyv,Nyulnyulan,Nyulnyulan
Ogbronuagum,ogu,Cross River,Niger-Congo
Tennet,tex,Surmic,Eastern Sudanic
Teso,teo,Nilotic,Eastern Sudanic
Woisika,woi,Greater Alor,Timor-Alor-Pantar
Wolof,wol,Wolof,Niger-Congo
Ignaciano,ign,Bolivia-Parana,Arawakan
Chinantec (Palantla),cpa,Chinantecan,Oto-Manguean
Fulniô,fun,Yatê,Yatê
Iquito,iqu,Zaparoan,Zaparoan
Itonama,ito,Itonama,Itonama
Javanese,jav,Javanese,Austronesian
Khalaj,klj,Turkic,Altaic
Kikuyu,kik,Bantoid,Niger-Congo
Koiari,kbk,Koiarian,Trans-New Guinea
Maisin,mbq,Oceanic,Austronesian
Mandan,mhq,Core Siouan,Siouan
Maninka (Western),mlq,Western Mande,Mande
Mazatec (Chiquihuitlán),maq,Popolocan,Oto-Manguean
Mba,mfc,Ubangi,Niger-Congo
Moru,mgd,Moru-Ma'di,Central Sudanic
Musgu,mug,Biu-Mandara,Afro-Asiatic
Nancowry,ncb,Nicobarese,Austro-Asiatic
Nuer,nus,Nilotic,Eastern Sudanic
Paakantyi,drl,Central Pama-Nyungan,Pama-Nyungan
Panyjima,pnw,Western Pama-Nyungan,Pama-Nyungan
Puluwat,puw,Oceanic,Austronesian
Shilluk,shk,Nilotic,Eastern Sudanic
Sinaugoro,snc,Oceanic,Austronesian
Tepehuan (Southeastern),stp,Tepiman,Uto-Aztecan
Tuscarora,tus,Northern Iroquoian,Iroquoian
Yawelmani,yok,Yokuts,Penutian
Ambulas,abt,Ndu,Sepik
Amo,amo,Kainji,Niger-Congo
Bilin,byn,Central Cushitic,Afro-Asiatic
Burarra,bvr,Burarran,Mangrida
Chontal Maya,chf,Mayan,Mayan
Cocama,cod,Tupi-Guaraní,Tupian
Didinga,did,Surmic,Eastern Sudanic
Digaro,mhu,Digaroan,Sino-Tibetan
Fasu,faa,Fasu,Trans-New Guinea
Gimira,bcq,North Omotic,Afro-Asiatic
Gujarati,guj,Indic,Indo-European
Jur Mödö,bex,Bongo-Bagirmi,Central Sudanic
Kairiru,kxa,Oceanic,Austronesian
Kugu Nganhcara,uwa,Northern Pama-Nyungan,Pama-Nyungan
Manggarai,mqy,Central Malayo-Polynesian,Austronesian
Mara,mec,Mara,Mangarrayi-Maran
Mauka,mxx,Western Mande,Mande
Motu,meu,Oceanic,Austronesian
Ngankikurungkurr,nam,Ngankikurungkurr,Southern Daly
Nyimang,nyi,Nyimang,Eastern Sudanic
Paulohi,plh,Central Malayo-Polynesian,Austronesian
Pomo (Eastern),peb,Pomoan,Hokan
Sarcee,srs,Athapaskan,Na-Dene
Siona,snn,Tucanoan,Tucanoan
Tulu,tcy,Southern Dravidian,Dravidian
Anywa,anu,Nilotic,Eastern Sudanic
Arosi,aia,Oceanic,Austronesian
Bajau (Sama),bdl,Sama-Bajaw,Austronesian
Biloxi,bll,Core Siouan,Siouan
Chichewa,nya,Bantoid,Niger-Congo
Chumash (Barbareño),boi,Chumash,Chumash
Gadsup,gaj,Eastern Highlands,Trans-New Guinea
Godoberi,gdo,Avar-Andic-Tsezic,Nakh-Daghestanian
Ingessana,tbi,Eastern Jebel,Eastern Sudanic
Korana,kqz,Khoe-Kwadi,Khoe-Kwadi
Kpelle,xpe,Western Mande,Mande
Mbum,mdd,Mbumic,Niger-Congo
Mehri,gdq,Semitic,Afro-Asiatic
Ngambay,sba,Bongo-Bagirmi,Central Sudanic
Athpare,aph,Mahakiranti,Sino-Tibetan
Fulfulde (Adamawa),fub,Peul-Serer,Niger-Congo
Tuvaluan,tvl,Oceanic,Austronesian
Ubykh,uby,Northwest Caucasian,Northwest Caucasian
Urdu,urd,Indic,Indo-European
Waray (in Australia),wrz,Warayic,Gunwinyguan
Warrgamay,wgy,Northern Pama-Nyungan,Pama-Nyungan
Wik Munkan,wim,Northern Pama-Nyungan,Pama-Nyungan
Yindjibarndi,yij,Western Pama-Nyungan,Pama-Nyungan
Berber (Figuig),NA,Berber,Afro-Asiatic
Karimojong,kdj,Nilotic,Eastern Sudanic
Mooré,mos,Northern-Central Gur,Niger-Congo
Mordvin (Erzya),myv,Mordvin,Uralic
Nupe,nup,Nupoid,Niger-Congo
Pawaian,pwa,Pawaian,Teberan-Pawaian
Pech,pay,Paya,Chibchan
Saliba (in Papua New Guinea),sbe,Oceanic,Austronesian
Slovene,slv,Slavic,Indo-European
Tajik,tgk,Iranian,Indo-European
Temiar,tea,Aslian,Austro-Asiatic
Tiwa (Northern),twf,Kiowa-Tanoan,Kiowa-Tanoan
Totonac (Misantla),tlc,Totonacan,Totonacan
Wembawemba,NA,Southeastern Pama-Nyungan,Pama-Nyungan
Wikchamni,yok,Yokuts,Penutian
Buduma,bdm,Biu-Mandara,Afro-Asiatic
Cornish,cor,Celtic,Indo-European
Engenni,enn,Edoid,Niger-Congo
Ese Ejja,ese,Tacanan,Tacanan
Huitoto (Minica),hto,Huitoto,Huitotoan
Komo,xom,Koman,Koman
Korku,kfq,Munda,Austro-Asiatic
Kunimaipa,kup,Goilalan,Trans-New Guinea
Lampung,ljp,Lampungic,Austronesian
Lelemi,lef,Kwa,Niger-Congo
Lingala,lin,Bantoid,Niger-Congo
Ndonga,ndo,Bantoid,Niger-Congo
Neo-Aramaic (Arbel Jewish),aij,Semitic,Afro-Asiatic
Nisgha,ncg,Tsimshianic,Penutian
Päri,lkr,Nilotic,Eastern Sudanic
Rawang,raw,Nungish,Sino-Tibetan
Rutul,rut,Lezgic,Nakh-Daghestanian
Yareba,yrb,Yareban,Yareban
Yessan-Mayo,yss,Tama Sepik,Sepik
Yupik (Siberian),ess,Eskimo,Eskimo-Aleut
Yuwaalaraay,kld,Southeastern Pama-Nyungan,Pama-Nyungan
Zapotec (Isthmus),zai,Zapotecan,Oto-Manguean
Armenian (Western),hye,Armenian,Indo-European
Barai,bbb,Koiarian,Trans-New Guinea
Barai,nvm,Koiarian,Trans-New Guinea
Chin (Tiddim),ctd,Kuki-Chin,Sino-Tibetan
Cora,crn,Corachol,Uto-Aztecan
Djaru,ddj,Western Pama-Nyungan,Pama-Nyungan
Jabêm,jae,Oceanic,Austronesian
Kamaiurá,kay,Tupi-Guaraní,Tupian
Kuot,kto,Kuot,Kuot
Luganda,lug,Bantoid,Niger-Congo
Nakanai,nak,Oceanic,Austronesian
Siroi,ssd,Madang,Trans-New Guinea
Sulka,sua,Sulka,Sulka
Totonac (Xicotepec de Juárez),too,Totonacan,Totonacan
Trique (Copala),trc,Mixtecan,Oto-Manguean
!Xóõ,nmn,Tu,Tu
Yulu,yul,Bongo-Bagirmi,Central Sudanic
Anejom,aty,Oceanic,Austronesian
Arabic (Syrian),apc,Semitic,Afro-Asiatic
Garífuna,cab,Caribbean Arawakan,Arawakan
Tariana,tae,Inland Northern Arawakan,Arawakan
Palikur,plu,Eastern Arawakan,Arawakan
Nyishi,njz,Tani,Sino-Tibetan
Gumawana,gvs,Oceanic,Austronesian
Kaingang,kgp,Ge-Kaingang,Macro-Ge
Kalmyk,xal,Mongolic,Altaic
Karachay-Balkar,krc,Turkic,Altaic
Ma'di,mhi,Moru-Ma'di,Central Sudanic
Manam,mva,Oceanic,Austronesian
Ndut,ndv,Cangin,Niger-Congo
Nganasan,nio,Samoyedic,Uralic
Obolo,ann,Cross River,Niger-Congo
Udmurt,udm,Permic,Uralic
Wambon,wms,Awju-Dumut,Trans-New Guinea
Woleaian,woe,Oceanic,Austronesian
Yukaghir (Tundra),ykg,Yukaghir,Yukaghir
Amahuaca,amc,Panoan,Panoan
Bai,bca,Bai,Sino-Tibetan
Byansi,bee,Bodic,Sino-Tibetan
Cayapa,cbi,Barbacoan,Barbacoan
Chipewyan,chp,Athapaskan,Na-Dene
Djingili,jig,Djingili,Mirndi
Kolami,kfb,Central Dravidian,Dravidian
Kolami,nit,Central Dravidian,Dravidian
Koryak,kpy,Northern Chukotko-Kamchatkan,Chukotko-Kamchatkan
Mixtec (Peñoles),mil,Mixtecan,Oto-Manguean
Mohawk,moh,Northern Iroquoian,Iroquoian
Mosetén,cas,Mosetenan,Mosetenan
Nuaulu,nni,Central Malayo-Polynesian,Austronesian
Nuaulu,nxl,Central Malayo-Polynesian,Austronesian
Ute,ute,Numic,Uto-Aztecan
Achumawi,acv,Palaihnihan,Hokan
Angas,anc,West Chadic,Afro-Asiatic
Apinayé,apn,Ge-Kaingang,Macro-Ge
Bodo,brx,Bodo-Garo,Sino-Tibetan
Chinantec (Quiotepec),chq,Chinantecan,Oto-Manguean
Dan,dnj,Eastern Mande,Mande
Dizi,mdx,Dizoid,Afro-Asiatic
Gude,gde,Biu-Mandara,Afro-Asiatic
Irarutu,irh,South Halmahera - West New Guinea,Austronesian
Koya,kff,South-Central Dravidian,Dravidian
Menomini,mez,Algonquian,Algic
Mien,ium,Hmong-Mien,Hmong-Mien
Pitta Pitta,pit,Central Pama-Nyungan,Pama-Nyungan
Remo,bfw,Munda,Austro-Asiatic
Rotuman,rtm,Oceanic,Austronesian
Selepet,spl,Finisterre-Huon,Trans-New Guinea
Shiriana,shb,Yanomam,Yanomam
Tol,jic,Tol,Tol
Tubu,dzg,Western Saharan,Saharan
Tubu,tuq,Western Saharan,Saharan
Tucano,tuo,Tucanoan,Tucanoan
//Ani,hnh,Khoe-Kwadi,Khoe-Kwadi
Blackfoot,bla,Algonquian,Algic
Cocopa,coc,Yuman,Hokan
Futuna-Aniwa,fut,Oceanic,Austronesian
Huitoto (Murui),huu,Huitoto,Huitotoan
Jivaro,jiv,Jivaroan,Jivaroan
Kambera,xbr,Central Malayo-Polynesian,Austronesian
Komi-Zyrian,kpv,Permic,Uralic
Lao,lao,Kam-Tai,Tai-Kadai
Linda,liy,Ubangi,Niger-Congo
Maithili,mai,Indic,Indo-European
Masalit,mls,Maban,Maban
Nahuatl (North Puebla),ncj,Aztecan,Uto-Aztecan
Salt-Yui,sll,Chimbu,Trans-New Guinea
Seri,sei,Seri,Hokan
Shona,sna,Bantoid,Niger-Congo
Sre,kpm,Bahnaric,Austro-Asiatic
Tongan,ton,Oceanic,Austronesian
Vai,vai,Western Mande,Mande
Warlpiri,wbp,Western Pama-Nyungan,Pama-Nyungan
Gumbaynggir,kgs,Southeastern Pama-Nyungan,Pama-Nyungan
Kawaiisu,xaw,Numic,Uto-Aztecan
Kirghiz,kir,Turkic,Altaic
Gwari,gbr,Nupoid,Niger-Congo
Ngäbere,gym,Guaymiic,Chibchan
Niuean,niu,Oceanic,Austronesian
Noon,snf,Cangin,Niger-Congo
Paiute (Northern),pao,Numic,Uto-Aztecan
Salinan,sln,Salinan,Salinan
Alyawarra,aly,Central Pama-Nyungan,Pama-Nyungan
Chácobo,cao,Panoan,Panoan
Kana,ogo,Cross River,Niger-Congo
Kwoma,kmo,Nukuma,Sepik
Manchu,mnc,Tungusic,Altaic
Noni,nhu,Bantoid,Niger-Congo
Pero,pip,West Chadic,Afro-Asiatic
Tawala,tbo,Oceanic,Austronesian
Bella Coola,blc,Bella Coola,Salishan
Berta,wti,Berta,Berta
Chatino (Sierra Occidental),ctp,Zapotecan,Oto-Manguean
Chemehuevi,ute,Numic,Uto-Aztecan
Ewondo,ewo,Bantoid,Niger-Congo
Karen (Sgaw),ksw,Karen,Sino-Tibetan
Kwakw'ala,kwk,Northern Wakashan,Wakashan
Maltese,mlt,Semitic,Afro-Asiatic
Mizo,lus,Kuki-Chin,Sino-Tibetan
Wahgi,wgi,Chimbu,Trans-New Guinea
Wahgi,whg,Chimbu,Trans-New Guinea
Atayal,tay,Atayalic,Austronesian
Azerbaijani,azb,Turkic,Altaic
Azerbaijani,azj,Turkic,Altaic
Bari,bfa,Nilotic,Eastern Sudanic
Bengali,ben,Indic,Indo-European
Buriat,bxm,Mongolic,Altaic
Chechen,che,Nakh,Nakh-Daghestanian
Erromangan,erg,Oceanic,Austronesian
Hua,ygr,Eastern Highlands,Trans-New Guinea
Jebero,jeb,Cahuapanan,Cahuapanan
Jingpho,kac,Jingpho,Sino-Tibetan
Mari (Meadow),mhr,Mari,Uralic
Mbay,myb,Bongo-Bagirmi,Central Sudanic
Murrinh-Patha,mwf,Murrinh-Patha,Southern Daly
Saami (Northern),sme,Saami,Uralic
Ukrainian,ukr,Slavic,Indo-European
Washo,was,Washo,Washo
Yukulta,gcd,Tangkic,Tangkic
Kuku-Yalanji,gvn,Northern Pama-Nyungan,Pama-Nyungan
Sahu,saj,North Halmaheran,West Papuan
Selkup,sel,Samoyedic,Uralic
Tsova-Tush,bbl,Nakh,Nakh-Daghestanian
Waskia,wsk,Madang,Trans-New Guinea
Alawa,alh,Alawa,Mangarrayi-Maran
Ao,njo,Kuki-Chin,Sino-Tibetan
Apalaí,apy,Cariban,Cariban
Bininj Gun-Wok,gup,Gunwinygic,Gunwinyguan
Fyem,pym,Platoid,Niger-Congo
Garrwa,wrk,Garrwan,Garrwan
Kalkatungu,ktg,Northern Pama-Nyungan,Pama-Nyungan
Lai,cnh,Kuki-Chin,Sino-Tibetan
Moro,mor,Heiban,Kordofanian
Nara (in Ethiopia),nrb,Nara,Eastern Sudanic
Tatar,tat,Turkic,Altaic
Tepehuan (Northern),ntp,Tepiman,Uto-Aztecan
Tibetan (Standard Spoken),bod,Bodic,Sino-Tibetan
Udihe,ude,Tungusic,Altaic
Zande,zne,Ubangi,Niger-Congo
Choctaw,cho,Muskogean,Muskogean
Coptic,cop,Egyptian-Coptic,Afro-Asiatic
Dagbani,dag,Northern-Central Gur,Niger-Congo
Dumo,vam,Western Skou,Skou
Baham,bdw,West Bomberai,West Bomberai
Warekena,gae,Alto-Orinoco,Arawakan
Baré,bae,Inland Northern Arawakan,Arawakan
Tlapanec,tcf,Subtiaba-Tlapanec,Oto-Manguean
Lusi,khl,Oceanic,Austronesian
Sinhala,sin,Indic,Indo-European
Tashlhiyt,shi,Berber,Afro-Asiatic
Teribe,tfr,Talamanca,Chibchan
Tiipay (Jamul),dih,Yuman,Hokan
Tolai,ksd,Oceanic,Austronesian
Yelî Dnye,yle,Yele,Yele
Arabic (Moroccan),ary,Semitic,Afro-Asiatic
Birom,bom,Platoid,Niger-Congo
Dinka,dip,Nilotic,Eastern Sudanic
Even,eve,Tungusic,Altaic
Mangghuer,mjg,Mongolic,Altaic
Seneca,see,Northern Iroquoian,Iroquoian
Sirionó,srq,Tupi-Guaraní,Tupian
Tahitian,tah,Oceanic,Austronesian
Takelma,tkm,Takelma,Takelma
Uradhi,urf,Northern Pama-Nyungan,Pama-Nyungan
Cherokee,chr,Southern Iroquoian,Iroquoian
Czech,ces,Slavic,Indo-European
Danish,dan,Germanic,Indo-European
Hupa,hup,Athapaskan,Na-Dene
Itelmen,itl,Southern Chukotko-Kamchatkan,Chukotko-Kamchatkan
Kabardian,kbd,Northwest Caucasian,Northwest Caucasian
Kanakuru,kna,West Chadic,Afro-Asiatic
Kwaio,kwd,Oceanic,Austronesian
Lele,lln,East Chadic,Afro-Asiatic
Shuswap,shs,Interior Salish,Salishan
So,teu,Kuliak,Eastern Sudanic
Temne,tem,Mel,Niger-Congo
Catalan,cat,Romance,Indo-European
Fulfulde (Nigerian),fuv,Peul-Serer,Niger-Congo
Luiseño,lui,California Uto-Aztecan,Uto-Aztecan
Nasioi,nas,East Bougainville,East Bougainville
Portuguese,por,Romance,Indo-European
Siuslaw,sis,Siuslawan,Oregon Coast
Chrau,crw,Bahnaric,Austro-Asiatic
Estonian,est,Finnic,Uralic
Gaelic (Scots),gla,Celtic,Indo-European
Guugu Yimidhirr,kky,Northern Pama-Nyungan,Pama-Nyungan
Hopi,hop,Hopi,Uto-Aztecan
Miskito,miq,Misumalpan,Misumalpan
Mumuye,mzm,Mumuye-Yandang,Niger-Congo
Tacana,tna,Tacanan,Tacanan
Tera,ttr,Biu-Mandara,Afro-Asiatic
West Makian,mqs,North Halmaheran,West Papuan
Wiyot,wiy,Wiyot,Algic
Abun,kgr,North-Central Bird's Head,West Papuan
Babungo,bav,Bantoid,Niger-Congo
Bororo,bor,Bororoan,Bororoan
Djapu,duj,Western Pama-Nyungan,Pama-Nyungan
Doyayo,dow,Samba-Duru,Niger-Congo
Kurdish (Central),ckb,Iranian,Indo-European
Lenakel,tnl,Oceanic,Austronesian
Mam,mam,Mayan,Mayan
Nicobarese (Car),caq,Nicobarese,Austro-Asiatic
Qawasqar,alc,Alacalufan,Alacalufan
Tetun,tet,Central Malayo-Polynesian,Austronesian
Tidore,tvo,North Halmaheran,West Papuan
Yagaria,ygr,Eastern Highlands,Trans-New Guinea
Arabic (Gulf),afb,Semitic,Afro-Asiatic
Cubeo,cub,Tucanoan,Tucanoan
Dagur,dta,Mongolic,Altaic
Huastec,hus,Mayan,Mayan
Ik,ikx,Kuliak,Eastern Sudanic
Nung (in Vietnam),nut,Kam-Tai,Tai-Kadai
Páez,pbb,Páezan,Páezan
Sedang,sed,Bahnaric,Austro-Asiatic
Arawak,arw,Caribbean Arawakan,Arawakan
Goajiro,guc,Caribbean Arawakan,Arawakan
Ojibwa (Eastern),ojg,Algonquian,Algic
Ojibwa (Eastern),otw,Algonquian,Algic
Mupun,sur,West Chadic,Afro-Asiatic
Ngalakan,nig,Ngalakan,Gunwinyguan
Serbian-Croatian,bos,Slavic,Indo-European
Serbian-Croatian,hrv,Slavic,Indo-European
Serbian-Croatian,srp,Slavic,Indo-European
Tinrin,cir,Oceanic,Austronesian
Archi,aqc,Lezgic,Nakh-Daghestanian
Avar,ava,Avar-Andic-Tsezic,Nakh-Daghestanian
Miya,mkf,West Chadic,Afro-Asiatic
Ngizim,ngi,West Chadic,Afro-Asiatic
Pohnpeian,pon,Oceanic,Austronesian
Turkana,tuv,Nilotic,Eastern Sudanic
Uzbek,uzn,Turkic,Altaic
Uzbek,uzs,Turkic,Altaic
Huave (San Mateo del Mar),huv,Huavean,Huavean
Khanty,kca,Ugric,Uralic
Malayalam,mal,Southern Dravidian,Dravidian
Telugu,tel,South-Central Dravidian,Dravidian
Yakut,sah,Turkic,Altaic
Awtuw,kmn,Ram,Sepik
Klamath,kla,Klamath-Modoc,Penutian
Nepali,nep,Indic,Indo-European
Tigré,tig,Semitic,Afro-Asiatic
Tuvan,tyv,Turkic,Altaic
Hatam,had,Hatam,West Papuan
Mokilese,mkj,Oceanic,Austronesian
Norwegian,nob,Germanic,Indo-European
Quileute,qui,Chimakuan,Chimakuan
Retuarã,tnc,Tucanoan,Tucanoan
Tauya,tya,Madang,Trans-New Guinea
Breton,bre,Celtic,Indo-European
Ijo (Kolokuma),ijc,Ijoid,Ijoid
Luo,luo,Nilotic,Eastern Sudanic
Palauan,pau,Palauan,Austronesian
Pashto,pst,Iranian,Indo-European
Samoan,smo,Oceanic,Austronesian
Selknam,ona,Chon Proper,Chon
Waorani,auc,Waorani,Waorani
Wappo,wao,Wappo,Wappo-Yukian
Wintu,wnw,Wintuan,Penutian
Akan,aka,Kwa,Niger-Congo
Bribri,bzd,Talamanca,Chibchan
Kisi,kqs,Mel,Niger-Congo
Kisi,kss,Mel,Niger-Congo
Lugbara,lgg,Moru-Ma'di,Central Sudanic
Maasai,mas,Nilotic,Eastern Sudanic
Tümpisa Shoshone,par,Numic,Uto-Aztecan
Welsh,cym,Celtic,Indo-European
Yapese,yap,Yapese,Austronesian
Iaai,iai,Oceanic,Austronesian
Jaqaru,jqr,Aymaran,Aymaran
Tigak,tgc,Oceanic,Austronesian
Tonkawa,tqw,Tonkawa,Tonkawa
Marathi,mar,Indic,Indo-European
Pipil,ppl,Aztecan,Uto-Aztecan
Tzutujil,tzj,Mayan,Mayan
Arrernte (Mparntwe),aer,Central Pama-Nyungan,Pama-Nyungan
Diegueño (Mesa Grande),dih,Yuman,Hokan
Diyari,dif,Central Pama-Nyungan,Pama-Nyungan
Icelandic,isl,Germanic,Indo-European
Panjabi,pan,Indic,Indo-European
Lak,lbe,Lak-Dargwa,Nakh-Daghestanian
Maidu (Northeast),nmu,Maiduan,Penutian
Ekari,ekg,Wissel Lakes-Kemandoga,Trans-New Guinea
Hamtai,hmt,Angan,Trans-New Guinea
Margi,mrt,Biu-Mandara,Afro-Asiatic
Nandi,kln,Nilotic,Eastern Sudanic
Macushi,mbc,Cariban,Cariban
Marind,mrz,Marind,Anim
Maba,mde,Maban,Maban
Swedish,swe,Germanic,Indo-European
Gbeya Bossangoa,gbp,Gbaya-Manza-Ngbaka,Niger-Congo
Campa (Axininca),cni,Pre-Andine Arawakan,Arawakan
Campa (Axininca),cpc,Pre-Andine Arawakan,Arawakan
Kashmiri,kas,Indic,Indo-European
Purépecha,tsz,Tarascan,Tarascan
Una,mtg,Mek,Trans-New Guinea
Dyirbal,dbl,Northern Pama-Nyungan,Pama-Nyungan
Hawaiian,haw,Oceanic,Austronesian
Italian,ita,Romance,Indo-European
Koyra Chiini,khq,Songhay,Songhay
Lithuanian,lit,Baltic,Indo-European
O'odham,ood,Tepiman,Uto-Aztecan
Romanian,ron,Romance,Indo-European
Tamil,tam,Southern Dravidian,Dravidian
Bulgarian,bul,Slavic,Indo-European
Lahu,lhu,Burmese-Lolo,Sino-Tibetan
Yuchi,yuc,Yuchi,Yuchi
Pomo (Southeastern),pom,Pomoan,Hokan
Zuni,zun,Zuni,Zuni
Sentani,set,Sentani,Sentani
Kiribati,gil,Oceanic,Austronesian
Yup'ik (Central),esu,Eskimo,Eskimo-Aleut
Cantonese,yue,Chinese,Sino-Tibetan
Fur,fvr,Fur,Fur
Polish,pol,Slavic,Indo-European
Kera,ker,East Chadic,Afro-Asiatic
Ladakhi,lbj,Bodic,Sino-Tibetan
Lepcha,lep,Lepcha,Sino-Tibetan
Tlingit,tli,Tlingit,Na-Dene
Wambaya,wmb,Wambayan,Mirndi
Albanian,aln,Albanian,Indo-European
Albanian,als,Albanian,Indo-European
Bambara,bam,Western Mande,Mande
Kayah Li (Eastern),eky,Karen,Sino-Tibetan
Ngiti,niy,Lendu,Central Sudanic
Carib,car,Cariban,Cariban
Makah,myh,Southern Wakashan,Wakashan
Abipón,axb,South Guaicuruan,Guaicuruan
Tsimshian (Coast),tsi,Tsimshianic,Penutian
Tunica,tun,Tunica,Tunica
Suena,sue,Binanderean,Trans-New Guinea
Maranungku,zmr,Wagaydy,Western Daly
Murle,mur,Surmic,Eastern Sudanic
Passamaquoddy-Maliseet,pqm,Algonquian,Algic
Pitjantjatjara,pjt,Western Pama-Nyungan,Pama-Nyungan
Amharic,amh,Semitic,Afro-Asiatic
Araona,aro,Tacanan,Tacanan
Cayuvava,cyb,Cayuvava,Cayuvava
Diola-Fogny,dyo,Bak,Niger-Congo
Armenian (Eastern),hye,Armenian,Indo-European
Bawm,bgr,Kuki-Chin,Sino-Tibetan
Nubian (Dongolese),dgl,Nubian,Eastern Sudanic
Wardaman,wrr,Yangmanic,Yangmanic
Haida,hax,Haida,Haida
Haida,hdn,Haida,Haida
Khmu',kjg,Khmuic,Austro-Asiatic
Usan,wnu,Madang,Trans-New Guinea
Paiwan,pwn,Paiwan,Austronesian
Ungarinjin,ung,Worrorran,Worrorran
Beja,bej,Beja,Afro-Asiatic
Drehu,dhv,Oceanic,Austronesian
Garo,grt,Bodo-Garo,Sino-Tibetan
Paamese,pma,Oceanic,Austronesian
Miwok (Southern Sierra),skd,Miwok,Penutian
Semelai,sza,Aslian,Austro-Asiatic
Yurok,yur,Yurok,Algic
Daga,dgz,Dagan,Dagan
Otomí (Mezquital),ote,Otomian,Oto-Manguean
Igbo,ibo,Igboid,Niger-Congo
Nez Perce,nez,Sahaptian,Penutian
Brahui,brh,Northern Dravidian,Dravidian
Cahuilla,chl,California Uto-Aztecan,Uto-Aztecan
Chinantec (Lealao),cle,Chinantecan,Oto-Manguean
Kunama,kun,Kunama,Kunama
Navajo,nav,Athapaskan,Na-Dene
Zoque (Copainalá),zoc,Mixe-Zoque,Mixe-Zoque
Irish,gle,Celtic,Indo-European
Nkore-Kiga,cgg,Bantoid,Niger-Congo
Squamish,squ,Central Salish,Salishan
Trumai,tpy,Trumai,Trumai
Dani (Lower Grand Valley),dni,Dani,Trans-New Guinea
Nenets (Forest),yrk,Samoyedic,Uralic
Urubú-Kaapor,urb,Tupi-Guaraní,Tupian
Coos (Hanis),csz,Coosan,Oregon Coast
Nahuatl (Tetelcingo),nhg,Aztecan,Uto-Aztecan
Yimas,yee,Lower Sepik,Lower Sepik-Ramu
Ika,arh,Arhuacic,Chibchan
Koyraboro Senni,ses,Songhay,Songhay
Mundari,unr,Munda,Austro-Asiatic
Yidiny,yii,Northern Pama-Nyungan,Pama-Nyungan
Karok,kyh,Karok,Karok
Barasano,bsn,Tucanoan,Tucanoan
Taba,mky,South Halmahera - West New Guinea,Austronesian
Acoma,kjq,Keresan,Keresan
Paumarí,pad,Arauan,Arauan
Arapesh (Mountain),ape,Kombio-Arapesh,Torricelli
Oneida,one,Northern Iroquoian,Iroquoian
Asmat,tml,Asmat-Kamoro,Trans-New Guinea
Ewe,ewe,Kwa,Niger-Congo
Hmong Njua,cqd,Hmong-Mien,Hmong-Mien
Hmong Njua,hnj,Hmong-Mien,Hmong-Mien
Khasi,kha,Khasian,Austro-Asiatic
Khmer,khm,Khmer,Austro-Asiatic
Kiowa,kio,Kiowa-Tanoan,Kiowa-Tanoan
Wichita,wic,Caddoan,Caddoan
Ju|'hoan,ktz,Ju-Kung,Kxa
Kilivila,kij,Oceanic,Austronesian
Nunggubuyu,nuy,Nunggubuyu,Gunwinyguan
Iraqw,irk,Southern Cushitic,Afro-Asiatic
Kewa,kew,Engan,Trans-New Guinea
Kewa,kjs,Engan,Trans-New Guinea
Sanuma,xsu,Yanomam,Yanomam
Shipibo-Konibo,shp,Panoan,Panoan
Epena Pedee,sja,Choco,Choco
Koasati,cku,Muskogean,Muskogean
Luvale,lue,Bantoid,Niger-Congo
Sango,sag,Ubangi,Niger-Congo
Bagirmi,bmi,Bongo-Bagirmi,Central Sudanic
Hunzib,huz,Avar-Andic-Tsezic,Nakh-Daghestanian
Ingush,inh,Nakh,Nakh-Daghestanian
Maung,mph,Iwaidjan,Iwaidjan
Koromfe,kfz,Northern-Central Gur,Niger-Congo
Quechua (Imbabura),qvi,Quechuan,Quechuan
Rama,rma,Rama,Chibchan
Wichí,mzh,Matacoan,Matacoan
Yagua,yad,Peba-Yaguan,Peba-Yaguan
Nivkh,niv,Nivkh,Nivkh
Berber (Middle Atlas),tzm,Berber,Afro-Asiatic
Warao,wba,Warao,Warao
Imonda,imn,Border,Border
Awa Pit,kwi,Barbacoan,Barbacoan
Kobon,kpw,Madang,Trans-New Guinea
Latvian,lav,Baltic,Indo-European
Maricopa,mrc,Yuman,Hokan
Alamblak,amp,Sepik Hill,Sepik
Gooniyandi,gni,Bunuban,Bunuban
Kutenai,kut,Kutenai,Kutenai
Mixtec (Chalcatongo),mig,Mixtecan,Oto-Manguean
Lavukaleve,lvk,Lavukaleve,Solomons East Papuan
Rapanui,rap,Oceanic,Austronesian
Ainu,ain,Ainu,Ainu
Jakaltek,jac,Mayan,Mayan
Jakaltek,jai,Mayan,Mayan
Lakhota,lkt,Core Siouan,Siouan
Martuthunira,vma,Western Pama-Nyungan,Pama-Nyungan
Pirahã,myp,Mura,Mura
Wari',pav,Chapacura-Wanham,Chapacura-Wanham
Guaraní,gug,Tupi-Guaraní,Tupian
Nama,naq,Khoe-Kwadi,Khoe-Kwadi
Meithei,mni,Kuki-Chin,Sino-Tibetan
Grebo,grj,Kru,Niger-Congo
Cree (Plains),crk,Algonquian,Algic
Mangarrayi,mpc,Mangarrayi,Mangarrayi-Maran
Tiwi,tiw,Tiwian,Tiwian
Kanuri,knc,Western Saharan,Saharan
Kayardild,gyd,Tangkic,Tangkic
Mapudungun,arn,Araucanian,Araucanian
Yoruba,yor,Defoid,Niger-Congo
Yukaghir (Kolyma),yux,Yukaghir,Yukaghir
Maybrat,ayz,North-Central Bird's Head,West Papuan
Burushaski,bsk,Burushaski,Burushaski
Chamorro,cha,Chamorro,Austronesian
Chukchi,ckt,Northern Chukotko-Kamchatkan,Chukotko-Kamchatkan
Fijian,fij,Oceanic,Austronesian
Hebrew (Modern),heb,Semitic,Afro-Asiatic
Lango,laj,Nilotic,Eastern Sudanic
Thai,tha,Kam-Tai,Tai-Kadai
Yaqui,yaq,Cahita,Uto-Aztecan
Zulu,zul,Bantoid,Niger-Congo
Slave,scs,Athapaskan,Na-Dene
Slave,xsl,Athapaskan,Na-Dene
Arabic (Egyptian),arz,Semitic,Afro-Asiatic
Greenlandic (West),kal,Eskimo,Eskimo-Aleut
Hixkaryana,hix,Cariban,Cariban
Swahili,swh,Bantoid,Niger-Congo
Vietnamese,vie,Viet-Muong,Austro-Asiatic
Hindi,hin,Indic,Indo-European
Georgian,kat,Kartvelian,Kartvelian
Kannada,kan,Southern Dravidian,Dravidian
Khalkha,khk,Mongolic,Altaic
Malagasy,plt,Barito,Austronesian
Supyire,spp,Senufo,Niger-Congo
Hausa,hau,West Chadic,Afro-Asiatic
Maori,mri,Oceanic,Austronesian
Basque,eus,Basque,Basque
Abkhaz,abk,Northwest Caucasian,Northwest Caucasian
Evenki,evn,Tungusic,Altaic
Korean,kor,Korean,Korean
Persian,pes,Iranian,Indo-European
Amele,aey,Madang,Trans-New Guinea
German,deu,Germanic,Indo-European
Greek (Modern),ell,Greek,Indo-European
Lezgian,lez,Lezgic,Nakh-Daghestanian
Japanese,jpn,Japanese,Japanese
Mandarin,cmn,Chinese,Sino-Tibetan
Hungarian,hun,Ugric,Uralic
Finnish,fin,Finnic,Uralic
Russian,rus,Slavic,Indo-European
Spanish,spa,Romance,Indo-European
Turkish,tur,Turkic,Altaic
French,fra,Romance,Indo-European
English,eng,Germanic,Indo-European
Gadaba (Kondekor),gdb,Central Dravidian,Dravidian
Diola-Kasa,csk,Bak,Niger-Congo
Halkomelem (Island),hur,Central Salish,Salishan
Halkomelem (Upriver),hur,Central Salish,Salishan
Donno So,dds,Dogon,Dogon
Tommo So,NA,Dogon,Dogon
Balyku,nad,Western Pama-Nyungan,Pama-Nyungan
Bayungu,bxj,Western Pama-Nyungan,Pama-Nyungan
Dhalandji,dhl,Western Pama-Nyungan,Pama-Nyungan
Gugadj,ggd,Northern Pama-Nyungan,Pama-Nyungan
Gupapuyngu,guf,Western Pama-Nyungan,Pama-Nyungan
Kariera,vka,Western Pama-Nyungan,Pama-Nyungan
Kaytej,gbb,Central Pama-Nyungan,Pama-Nyungan
Linngithig,lnj,Northern Pama-Nyungan,Pama-Nyungan
Mirniny,nju,Western Pama-Nyungan,Pama-Nyungan
Ngarla,nrk,Western Pama-Nyungan,Pama-Nyungan
Nyamal,nly,Western Pama-Nyungan,Pama-Nyungan
Umpila,ump,Northern Pama-Nyungan,Pama-Nyungan
Yalarnnga,ylr,Northern Pama-Nyungan,Pama-Nyungan
Leggbó,agb,Cross River,Niger-Congo
Welsh (Colloquial),cym,Celtic,Indo-European
Tima,tms,Katla-Tima,Kordofanian
Wan,wan,Eastern Mande,Mande
Dadjriwalé,god,Kru,Niger-Congo
Neyo,ney,Kru,Niger-Congo
Jamsay,djm,Dogon,Dogon
Nanerge,sen,Senufo,Niger-Congo
Waama,wwa,Northern-Central Gur,Niger-Congo
Ncàm,bud,Northern-Central Gur,Niger-Congo
Mambai,mcs,Mbumic,Niger-Congo
Mayogo,mdm,Ubangi,Niger-Congo
Ajagbe,ajg,Kwa,Niger-Congo
Gungbe,guw,Kwa,Niger-Congo
Avikam,avi,Kwa,Niger-Congo
Mankon,nge,Bantoid,Niger-Congo
Mbosi,mdw,Bantoid,Niger-Congo
Budu,buu,Bantoid,Niger-Congo
Vili,vif,Bantoid,Niger-Congo
Iwoyo,kwy,Bantoid,Niger-Congo
Suku,sub,Bantoid,Niger-Congo
Bangime,dba,Bangime,Bangime
Beria,zag,Eastern Saharan,Saharan
Mango,mge,Bongo-Bagirmi,Central Sudanic
Tamashek,taq,Berber,Afro-Asiatic
Mina,hna,Biu-Mandara,Afro-Asiatic
Arabic (Kuwaiti),afb,Semitic,Afro-Asiatic
Shuri,ryu,Japanese,Japanese
Betta Kurumba,xub,Southern Dravidian,Dravidian
Kasong,NA,Pearic,Austro-Asiatic
Manange,nmm,Bodic,Sino-Tibetan
Tangbe,skj,Bodic,Sino-Tibetan
Tibetan (Dingri),bod,Bodic,Sino-Tibetan
Tibetan (Drokpa),bod,Bodic,Sino-Tibetan
Kyirong,kgy,Bodic,Sino-Tibetan
Amdo (Themchen),adx,Bodic,Sino-Tibetan
Rang Pas,bod,Bodic,Sino-Tibetan
Kham (Tibetan) (Nangchen),khg,Bodic,Sino-Tibetan
Kham (Dege),khg,Bodic,Sino-Tibetan
Kanashi,xns,Bodic,Sino-Tibetan
Gyarong (Cogtse),jya,rGyalrong,Sino-Tibetan
rGyalrong (Caodeng),jya,rGyalrong,Sino-Tibetan
Tutsa,tvt,Northern Naga,Sino-Tibetan
Ralte,ral,Kuki-Chin,Sino-Tibetan
Miri (Hill):,mrg,Tani,Sino-Tibetan
Hlai (Baoding),lic,Hlai,Tai-Kadai
Khün,kkh,Kam-Tai,Tai-Kadai
Shompen,NA,Shompen,Shompen
Bajau (West Coast),bdr,Sama-Bajaw,Austronesian
Tetun Dili,tet,Central Malayo-Polynesian,Austronesian
Labu,lbu,Oceanic,Austronesian
Vinmavis,vnm,Oceanic,Austronesian
Port Sandwich,psw,Oceanic,Austronesian
Lamen,lmu,Oceanic,Austronesian
Efate (South),erk,Oceanic,Austronesian
Nadroga,fij,Oceanic,Austronesian
Ifira-Mele,mxe,Oceanic,Austronesian
Momuna,mqf,Momuna,Trans-New Guinea
Mian,mpt,Ok,Trans-New Guinea
Makasae,mkz,Makasae-Fataluku-Oirata,Timor-Alor-Pantar
Abui,abz,Greater Alor,Timor-Alor-Pantar
Adang,adn,Greater Alor,Timor-Alor-Pantar
Raji,rji,Raji-Raute,Sino-Tibetan
Munzombo,moj,Ubangi,Niger-Congo
Dla (Menggwa),kbv,Senagi,Senagi
Barupu,wra,Warapu,Skou
Momu,fqs,Baibai-Fas,Baibai-Fas
Kwomtari,kwo,Kwomtari,Kwomtari
Nai,bio,Kwomtari,Kwomtari
Ama,amm,Left May,Left May
Owininga,owi,Left May,Left May
Urat,urt,Wapei-Palei,Torricelli
Kombio,xbi,Kombio-Arapesh,Torricelli
Mufian,aoj,Kombio-Arapesh,Torricelli
Kamasau,kms,Marienberg,Torricelli
Innamincka,ynd,Central Pama-Nyungan,Pama-Nyungan
Musqueam,hur,Central Salish,Salishan
Tepehua (Huehuetla),tee,Totonacan,Totonacan
Sipakapense,qum,Mayan,Mayan
Leko,lec,Leko,Leko
Émérillon,eme,Tupi-Guaraní,Tupian
Kayabí,kyz,Tupi-Guaraní,Tupian
Kanoê,NA,Kapixana,Kapixana
Chipaya,cap,Uru-Chipaya,Uru-Chipaya
Kuikúro,kui,Cariban,Cariban
Panará,kre,Ge-Kaingang,Macro-Ge
Krenak,kqq,Botocudo,Macro-Ge
=|Hoan,huc,=|Hoan,Kxa
Urarina,ura,Urarina,Urarina
Taushiro,trr,Taushiro,Taushiro
Achuar,acu,Jivaroan,Jivaroan
Quechua (Huallaga),qvh,Quechuan,Quechuan
Ndyuka,djk,Creoles and Pidgins,other
Bao'an,peh,Mongolic,Altaic
Koorete,kqy,North Omotic,Afro-Asiatic
Ghulfan,ghl,Nubian,Eastern Sudanic
Kagulu,kki,Bantoid,Niger-Congo
Galo,adi,Tani,Sino-Tibetan
Emberá (Northern),emp,Choco,Choco
Umbu Ungu,ubu,Chimbu,Trans-New Guinea
Bobo Madaré (Northern),bbo,Western Mande,Mande
Tamang (Eastern),taj,Bodic,Sino-Tibetan
Tamang (Eastern),tge,Bodic,Sino-Tibetan
Dhimal,dhi,Dhimalic,Sino-Tibetan
Magar (Syangja),mrd,Mahakiranti,Sino-Tibetan
Kulung,kle,Mahakiranti,Sino-Tibetan
Thangmi,thf,Mahakiranti,Sino-Tibetan
Camling,rab,Mahakiranti,Sino-Tibetan
Newar (Dolakha),new,Mahakiranti,Sino-Tibetan
Chepang,cdm,Mahakiranti,Sino-Tibetan
Khaling,klr,Mahakiranti,Sino-Tibetan
Dumi,dus,Mahakiranti,Sino-Tibetan
Hayu,vay,Mahakiranti,Sino-Tibetan
Belhare,byw,Mahakiranti,Sino-Tibetan
Kham,kgj,Mahakiranti,Sino-Tibetan
Newari (Kathmandu),new,Mahakiranti,Sino-Tibetan
Limbu,lif,Mahakiranti,Sino-Tibetan
Wambule,wme,Mahakiranti,Sino-Tibetan
Yamphu,ybi,Mahakiranti,Sino-Tibetan
Alas,btz,Northwest Sumatra-Barrier Islands,Austronesian
Batak,bya,Greater Central Philippine,Austronesian
Chru,cje,Malayo-Sumbawan,Austronesian
Embaloh,emb,South Sulawesi,Austronesian
Indonesian (Papuan),pmy,Malayo-Sumbawan,Austronesian
Indonesian (Jakarta),ind,Malayo-Sumbawan,Austronesian
Isnag,isd,Northern Luzon,Austronesian
Ivatan,ivv,Batanic,Austronesian
Karao,kyj,Northern Luzon,Austronesian
Kayan (Baram),kys,North Borneo,Austronesian
Kelabit,kzi,North Borneo,Austronesian
Ketapang,zlm,Malayo-Sumbawan,Austronesian
Kutai,vkt,Malayo-Sumbawan,Austronesian
Lun Dayeh,lnd,North Borneo,Austronesian
Magindanao,mdh,Greater Central Philippine,Austronesian
Malay (Kuala Lumpur),zlm,Malayo-Sumbawan,Austronesian
Malay (Ulu Muar),zmi,Malayo-Sumbawan,Austronesian
Piro,pib,Purus,Arawakan
Mandar,mdr,South Sulawesi,Austronesian
Melanau,mel,North Borneo,Austronesian
Narom,nrm,North Borneo,Austronesian
Tagbanwa (Aborlan),tbw,Greater Central Philippine,Austronesian
Waray-Waray,war,Greater Central Philippine,Austronesian
Dumagat (Casiguran),dgc,Northern Luzon,Austronesian
Itawis,itv,Northern Luzon,Austronesian
Kankanay,kne,Northern Luzon,Austronesian
Kenyah (Uma' Lung),NA,North Borneo,Austronesian
Rade,rad,Malayo-Sumbawan,Austronesian
Roglai (Northern),rog,Malayo-Sumbawan,Austronesian
Yami,tao,Batanic,Austronesian
Aralle-Tabulahan,atq,South Sulawesi,Austronesian
Binukid,bkd,Greater Central Philippine,Austronesian
Da'a,kzf,Celebic,Austronesian
Kaili,lew,Celebic,Austronesian
Kulamanen,mbt,Greater Central Philippine,Austronesian
Lauje,law,Celebic,Austronesian
Mamasa,mqj,South Sulawesi,Austronesian
Mongondow,mog,Greater Central Philippine,Austronesian
Sangir,sxn,Sangiric,Austronesian
Sikule,skh,Northwest Sumatra-Barrier Islands,Austronesian
Talaud,tld,Sangiric,Austronesian
Tontemboan,tnt,Minahasan,Austronesian
Toraja,sda,South Sulawesi,Austronesian
Tsat,huq,Malayo-Sumbawan,Austronesian
Aklanon,akl,Greater Central Philippine,Austronesian
Balangao,blw,Northern Luzon,Austronesian
Balantak,blz,Celebic,Austronesian
Bambam,ptu,South Sulawesi,Austronesian
Bantik,bnq,Sangiric,Austronesian
Begak-Ida'an,dbj,North Borneo,Austronesian
Gayo,gay,Northwest Sumatra-Barrier Islands,Austronesian
Malay,zsm,Malayo-Sumbawan,Austronesian
Napu,npy,Celebic,Austronesian
Selayar,sly,South Sulawesi,Austronesian
Hanunóo,hnn,Greater Central Philippine,Austronesian
Banggai,bgz,Celebic,Austronesian
Makassar,mak,South Sulawesi,Austronesian
Mentawai,mwv,Northwest Sumatra-Barrier Islands,Austronesian
Pamona,pmf,Celebic,Austronesian
Madurese,mad,Malayo-Sumbawan,Austronesian
Toratán,rth,Sangiric,Austronesian
Cham (Eastern),cjm,Malayo-Sumbawan,Austronesian
Tatana',txx,North Borneo,Austronesian
Maranao,mrw,Greater Central Philippine,Austronesian
Simeulue,smr,Northwest Sumatra-Barrier Islands,Austronesian
Uma,ppk,Celebic,Austronesian
Balinese,ban,Malayo-Sumbawan,Austronesian
Bugis,bug,South Sulawesi,Austronesian
Manadonese,xmm,Malayo-Sumbawan,Austronesian
Tausug,tsg,Greater Central Philippine,Austronesian
Tiruray,tiy,Bilic,Austronesian
Kadazan,kzj,North Borneo,Austronesian
Hiligaynon,hil,Greater Central Philippine,Austronesian
Ilocano,ilo,Northern Luzon,Austronesian
Bikol,bcl,Greater Central Philippine,Austronesian
Mamanwa,mmn,Greater Central Philippine,Austronesian
Manobo (Western Bukidnon),mbb,Greater Central Philippine,Austronesian
Pangasinan,pag,Northern Luzon,Austronesian
Bontok,bnc,Northern Luzon,Austronesian
Enggano,eno,Enggano,Austronesian
Ifugao (Batad),ifb,Northern Luzon,Austronesian
Timugon,tih,North Borneo,Austronesian
Agta (Central),agt,Greater Central Philippine,Austronesian
Kapampangan,pam,Central Luzon,Austronesian
Tboli,tbl,Bilic,Austronesian
Wolio,wlo,Celebic,Austronesian
Urak Lawoi',urk,Malayo-Sumbawan,Austronesian
Cham (Western),cja,Malayo-Sumbawan,Austronesian
Tondano,tdn,Minahasan,Austronesian
Cebuano,ceb,Greater Central Philippine,Austronesian
Minangkabau,min,Malayo-Sumbawan,Austronesian
Nias,nia,Northwest Sumatra-Barrier Islands,Austronesian
Rukai (Tanan),dru,Rukai,Austronesian
Iban,iba,Malayo-Sumbawan,Austronesian
Batak (Toba),bbc,Northwest Sumatra-Barrier Islands,Austronesian
Sundanese,sun,Malayo-Sumbawan,Austronesian
Muna,mnb,Celebic,Austronesian
Acehnese,ace,Malayo-Sumbawan,Austronesian
Batak (Karo),btx,Northwest Sumatra-Barrier Islands,Austronesian
Tukang Besi,bhq,Celebic,Austronesian
Tukang Besi,khc,Celebic,Austronesian
Tagalog,tgl,Greater Central Philippine,Austronesian
Indonesian,ind,Malayo-Sumbawan,Austronesian
Agta (Dupaningan),duo,Greater Central Philippine,Austronesian
Campa Pajonal Asheninca,cjo,Pre-Andine Arawakan,Arawakan
Maipure,NA,Alto-Orinoco,Arawakan
Resígaro,rgr,Inland Northern Arawakan,Arawakan
Apurinã,apu,Purus,Arawakan
Kongo,kng,Bantoid,Niger-Congo
Ngbaka (Ma'bo),nbm,Ubangi,Niger-Congo
Aymara (Central),ayc,Aymaran,Aymaran
Luwo,lwo,Nilotic,Eastern Sudanic
Arabic (Chadian),shu,Semitic,Afro-Asiatic
Baka (in South Sudan),bdh,Bongo-Bagirmi,Central Sudanic
Qaget,byx,Baining,Baining
Bahnar,bdq,Bahnaric,Austro-Asiatic
Nivacle,cag,Matacoan,Matacoan
Komering,kge,Lampungic,Austronesian
Bargam,mlp,Madang,Trans-New Guinea
Poqomam,poc,Mayan,Mayan
Sayula Popoluca,pos,Mixe-Zoque,Mixe-Zoque
Tectiteco,ttc,Mayan,Mayan
Dii,dur,Samba-Duru,Niger-Congo
Popoluca (Sierra),poi,Mixe-Zoque,Mixe-Zoque
Rumsien,css,Costanoan,Penutian
Banggi,bdg,North Borneo,Austronesian
Mayangna,yan,Misumalpan,Misumalpan
Bilaan (Koronadal),bpr,Bilic,Austronesian
Dong (Southern),kmc,Kam-Tai,Tai-Kadai
Khwarshi,khv,Avar-Andic-Tsezic,Nakh-Daghestanian
Kiwai (Southern),kjd,Kiwaian,Kiwaian
Mixe (Ayutla),mxp,Mixe-Zoque,Mixe-Zoque
Paresi,pab,Central Arawakan,Arawakan
Bera,brf,Bantoid,Niger-Congo
Yi (Wuding-Luquan),ywq,Burmese-Lolo,Sino-Tibetan
Kathlamet,NA,Chinookan,Penutian
Baniva,bvv,Alto-Orinoco,Arawakan
Gbaya (Southwest),gso,Gbaya-Manza-Ngbaka,Niger-Congo
